ISBN,Title of the Book,Author/s,Book type,Original Price (RRP),Discounted price,ISBN-10,Published Date,Publisher,No. of Pages
9780007461240,The Screwtape Letters: Letters From A Senior To A Junior Devil,C. S. Lewis,Paperback,19.99,18.25,7461240,2012-07-01,HarperCollins Publishers,224
9780349419220,Someone to Trust,Mary Balogh,Paperback,22.99,20.4,349419221,2018-11-27,Little Brown,400
9781841495965,The Traitor Queen,Trudi Canavan,Paperback,22.99,20.4,1841495964,2013-07-30,Little Brown,544
9781465458551,The Philosophy Book,Dk,Paperback,36.25,36.25,1465458557,2017-02-21,DK PUB INC                    ,352
9780356510644,The Unbound Empire,Melissa Caruso,Paperback,24.99,21.75,356510646,2019-04-23,Little Brown,560
9781529003314,Split Second,David Baldacci,Paperback,19.99,18.25,1529003318,2019-11-12,Pan Macmillan UK,608
9781846272998,Deep Sea and Foreign Going,Rose George,Paperback,24.99,21.75,1846272998,2014-08-01,Granta,320
9781509898831,Looking Good Dead,Peter James,Paperback,22.99,20.4,1509898832,2019-04-23,Pan Macmillan UK,544
9780755332557,Kiss,Jill Mansell,Paperback,26.99,26.25,755332555,2007-05-10,Headline,512
9780722538074,How to Talk to Anyone,Leil Lowndes,Paperback,24.99,21.75,722538073,1999-04-28,HarperCollins Publishers,352
9780761169253,Steal Like an Artist,Austin Kleon,Paperback,26.99,22.95,761169253,2012-05-01,Workman,160
9780765377104,Death's End,Cixin Liu,Hardcover,52.25,52.25,765377101,2016-09-20,TOR BOOKS                     ,608
9780141185071,East of Eden,John Steinbeck,Paperback,22.99,20.35,141185074,2003-10-01,Penguin UK,640
9781785760457,Exile,James Swallow,Paperback,27.99,23.75,1785760459,2018-04-24,Bonnier,576
9780525520375,There There,Tommy Orange,Hardcover,51.95,51.95,525520376,2018-06-05,KNOPF                         ,304
9780439023481,The Hunger Games (USA Edition),Suzanne Collins,Hardcover,40.75,40.75,439023483,2008-10-01,Scholastic US,384
9780316187169,New Joe Abercrombie Novel #1,Joe Abercrombie,Hardcover,51.75,51.75,031618716X,2019-09-17,ORBIT                         ,480
9780755307500,Small Island,Andrea Levy,Paperback,24.99,21.75,075530750X,2010-01-01,Headline,560
9780761144793,The G.I. Diet,Rick Gallop,Paperback,25.75,25.75,076114479X,2010-01-01,WORKMAN PR                    ,164
9780755349272,2nd Chance,James Patterson,Paperback,22.99,20.4,075534927X,2009-08-01,Headline,432
9781328508317,Council of Twelve,Oliver Potzsch,Paperback,37.49,37.49,1328508315,2018-05-29,MARINER BOOKS                 ,512
9780091816971,Who Moved My Cheese? ,Spencer Johnson,Paperback,19.99,18.25,91816971,1999-04-01,RANDOM HOUSE UK,96
9780446692649,Cat & Mouse,James Patterson,Paperback,41.16,41.16,446692646,2003-08-01,GRAND CENTRAL PUBL            ,419
9781101903919,Cravings,Chrissy Teigen,Hardcover,50.25,50.25,1101903910,2016-02-23,POTTER CLARKSON N             ,240
9780830844135,John,Michael Card,Paperback,37.07,37.07,830844139,2014-07-14,INTER VARSITY PR              ,237
9781509862344,The Man From St Petersburg,Ken Follett,Paperback,21.99,19.75,150986234X,2019-05-28,Pan Macmillan UK,464
9780674729018,Make It Stick,Peter C. Brown,Hardcover,59.95,39.75,674729013,2014-04-14,Harvard University Press,336
9780842313940,Hinds' Feet on High Places,Hannah Hurnard,Hardcover,28.99,26.25,084231394X,1986-07-25,TYNDALE PUB                   ,320
9780755374076,Goodnight Lady,Martina Cole,Paperback,24.99,21.75,075537407X,2011-01-01,Headline,832
9780768403053,Gateway to the Seer Realm,Barbie Breathitt,Paperback,32.63,32.63,768403057,2012-08-21,DESTINY IMAGE INC             ,316
9780751540031,From the Dead,Mark Billingham,Paperback,22.99,20.4,075154003X,2011-05-31,Little Brown,496
9780765377081,The Dark Forest,Cixin Liu,Hardcover,52.25,52.25,076537708X,2015-08-11,Tor Books,512
9780008168186,Tribe,Sebastian Junger,Paperback,19.99,18.25,8168180,2017-06-02,HarperCollins Publishers,192
9780755349296,4th of July,James Patterson,Paperback,22.99,20.4,755349296,2009-09-01,Headline,448
9781101984796,Christmas Bells,Jennifer Chiaverini,Paperback,44.25,44.25,1101984791,2016-10-11,Penguin Group USA,352
9780755399604,A Liverpool Legacy,Anne Baker,Paperback,27.5,27.5,755399609,2014-06-05,Headline,384
9780316388696,The Raven Tower,Ann Leckie,Hardcover,62.75,62.75,316388696,2019-02-26,ORBIT                         ,432
9780755349388,London Bridges,James Patterson,Paperback,22.99,20.35,755349385,2010-08-01,Headline,448
9780007152599,"Men Are From Mars, Women Are From Venus",John Gray,Paperback,24.99,21.75,7152590,2012-06-01,HarperCollins Publishers,320
9781844082414,The Night Watch,Sarah Waters,Paperback,24.99,21.75,1844082415,2006-06-01,Little Brown,506
9780486499055,Easy Spanish Phrase Book New Edition,Garcia Loaeza,Paperback,12.99,12.75,486499057,2013-03-21,Dover Publications Inc.,80
9780679720201,The Stranger,Albert Camus,Paperback,24.99,20.75,679720200,1989-03-13,RANDOM HOUSE US,144
9781538711804,Total Control,David Baldacci,Paperback,41.25,41.25,153871180X,2019-01-29,GRAND CENTRAL PUBL            ,656
9781250166548,Edgedancer,Brandon Sanderson,Hardcover,21.35,21.35,1250166543,2017-10-17,St Martin's Press,272
9780768413793,Unlocking Destinies From the Courts of Heaven Leader's Guide,Robert Henderson,Paperback,28.5,28.5,768413796,2017-03-21,,192
9780755378456,If You Were Me,Sheila O'Flanagan,Paperback,26.99,22.95,755378458,2015-05-12,Headline,464
9780862788438,Stakeknife,Greg Harkin,Paperback,36.75,36.75,862788439,2004-02-18,O'Brien Press Ltd,280
9780768448887,Redeeming Your Bloodline,Hrvoje Sirovina,Paperback,32.63,32.63,768448883,2019-05-01,SOUND WISDOM,224
9781408894811,Tenth of December,George Saunders,Paperback,22.99,20.4,1408894815,2017-12-01,Bloomsbury,288
9781250147905,The Hazel Wood,Melissa Albert,Hardcover,37.5,37.5,1250147905,2018-01-30,FLATIRON                      ,368
9780356500287,Fool Moon : Dresden Files,Jim Butcher,Paperback,20.4,20.4,356500284,2011-05-05,Little Brown,341
9780007350865,A Christmas Carol,Charles Dickens,Paperback,7.95,7.95,7350864,2010-04-01,HarperCollins Publishers,144
9780765325945,Towers of Midnight (US EDITION),Robert Jordan,Hardcover,65.25,65.25,765325942,2010-11-02,TOR BOOKS                     ,864
9780743273565,The Great Gatsby,F. Scott Fitzgerald,Paperback,30.25,30.25,743273567,2004-10-01,SCRIBNER BOOKS CO             ,180
9780753555200,Zero to One,Peter Thiel,Paperback,24.99,21.75,753555204,2015-06-04,RANDOM HOUSE UK,224
9780060652951,The Great Divorce,C. S. Lewis,Paperback,31.75,31.75,60652950,2015-04-21,HARPERCOLLINS                 ,160
9780753541593,The Bracelet,Fredrica Alleyn,Paperback,32.99,26.95,753541599,2013-04-15,RANDOM HOUSE UK,320
9780749954215,Glory in Death,J.D. Robb,Paperback,22.99,20.35,749954213,2011-01-01,Little Brown,416
9780751548303,The Summer Queen,Elizabeth Chadwick,Paperback,24.99,21.75,751548308,2014-07-08,Little Brown,496
9780446179669,4th of July,James Patterson,Paperback,35.95,35.95,446179663,2008-07-01,GRAND CENTRAL PUBL            ,400
9780006174547,The Cardinal of the Kremlin,Tom Clancy,Paperback,28.75,28.75,000617454X,1989-12-01,HarperCollins Publishers,624
9780830839629,A Week in the Life of Corinth,Ben Witherington Ii,Paperback,32.96,32.96,830839623,2012-03-30,InterVarsity Press,159
9780755348367,Centurion,Simon Scarrow,Paperback,20.4,20.4,755348362,2008-08-01,Headline,533
9780446699310,The 5th Horseman,James Patterson,Paperback,37.47,37.47,446699314,2007-04-17,GRAND CENTRAL PUBL            ,432
9780751544831,Black Notice,Patricia Cornwell,Paperback,22.99,20.4,751544833,2010-11-01,Little Brown,464
9780486817316,The Expression of the Emotions in Man and Animal,Charles Darwin,Paperback,34.99,28.5,486817318,2018-03-01,Dover Publications Inc.,416
9780349121321,The Glass Room,Simon Mawer,Paperback,22.99,20.4,034912132X,2010-08-01,Little Brown,416
9780425285947,Dark Age,Pierce Brown,Hardcover,49.25,49.25,425285944,2019-07-30,Del Rey Books,800
9780830845507,Defending Your Marriage - The Reality of Spiritual Battle,Tim Muehlhoff,Paperback,31.64,27.25,083084550X,2018-11-13,InterVarsity Press,176
9780008139483,The Pale Horseman [TV Tie-in Edition],Bernard Cornwell,Paperback,22.99,20.4,8139482,2015-09-21,HarperCollins Publishers,432
9780446392303,Healing Back Pain,John E. Sarno M.D.,Paperback,31.75,31.75,446392308,1991-02-01,Little Brown,208
9780356500959,Cold Days,Jim Butcher,Paperback,20.4,20.4,356500950,2013-09-10,Little Brown,646
9780761168935,Keep Your Brain Alive,Lawrence Katz,Paperback,20.25,20.25,761168931,2014-06-02,Workman,204
9780755379309,When God Was a Rabbit,Sarah Winman,Paperback,22.99,20.35,755379306,2011-11-29,Headline,352
9780393347777,Naked Statistics,Charles Wheelan,Paperback,29.95,22.25,039334777X,2014-01-13,W W Norton & Company,304
9780340748275,Lancashire Lass,Anna Jacobs,Paperback,24.25,24.25,340748273,2001-02-01,Hodder & Stoughton,416
9780768419580,The Dream Book,Stephanie Schureman,Paperback,33.6,33.6,768419581,2019-03-19,DESTINY IMAGE INC             ,272
9780830826490,All Things New,Brian J. Tabb,Paperback,56.03,56.03,830826491,2019-04-30,IVP ACADEMIC                  ,280
9780007569243,The Singles Game,Lauren Weisberger,Paperback,22.99,19.5,7569246,2016-12-19,HarperCollins Publishers,432
9781841494197,Matter,Iain M. Banks,Paperback,22.99,20.35,1841494194,2009-02-01,Little Brown,656
9780544340688,The Giver (Movie Tie-In Edition),Lois Lowry,Paperback,22.9,22.9,054434068X,2014-07-01,Clarion Books,256
9780752883649,The Falls,Ian Rankin,Paperback,22.99,20.4,075288364X,2008-10-01,Orion,512
9780751548761,Lazybones,Mark Billingham,Paperback,26.25,26.25,751548766,2012-04-24,Little Brown,496
9781405928335,Enemy of God,Bernard Cornwell,Paperback,22.99,20.35,1405928336,2016-11-28,Penguin UK,496
9781846276842,Convenience Store Woman,Sayaka Murata,Paperback,22.99,20.35,1846276845,2019-06-03,Granta,176
9780755396511,The Other Daughter,Lisa Gardner,Paperback,24.99,21.75,755396510,2012-11-13,Headline,416
9780755384839,You Can't Hide (The Chicago Series Book 4),Karen Rose,Paperback,22.5,22.5,755384830,2015-07-02,Headline Publishing Group,448
9780768442830,Seeing Behind the Veil,Ana Werner,Paperback,39.33,39.33,768442834,2018-09-18,DESTINY IMAGE INC             ,240
9780486811246,Seneca'S Letters from a Stoic,Lucius Annaeus Seneca,Paperback,29.99,25.25,486811247,2017-01-27,Dover Publications Inc.,496
9780989768412,Hardwired,Meredith Wild,Paperback,22.17,21.75,989768414,2015-01-24,WATERHOUSE PR                 ,288
9780751566925,Love Like Blood,Mark Billingham,Paperback,22.99,20.4,751566926,2018-03-13,Little Brown,512
9781841498959,Surface Detail,Iain M Banks,Paperback,22.99,20.35,1841498955,2011-05-31,Little Brown,640
9780749929695,Northern Lights,Nora Roberts,Paperback,22.99,20.4,749929693,2009-06-01,Little Brown,576
9781538715499,Eat to Beat Disease,William W. Li,Hardcover,159.4,159.4,153871549X,2019-03-01,GRAND CENTRAL PUBL            ,688
9780735219090,Where the Crawdads Sing,Delia Owens,Hardcover,48.9,48.9,735219095,2018-08-14,G P PUTNAM SONS               ,384
9780749020552,Peace Comes to Honeyfield,Anna Jacobs,Paperback,25.4,25.4,749020555,2019-05-01,Faber Factory,352
9780842379427,Heaven,Randy Alcorn,Hardcover,50.99,45.9,842379428,2004-10-01,Tyndale House Publishers,560
9780842308243,Endurance,Alfred Lansing,Paperback,32.75,32.75,842308245,1999-05-01,TYNDALE PUB                   ,272
9780340911709,The Fall,Robert Muchamore,Paperback,19.99,18.25,340911700,2007-03-01,Hachette Children's Books,352
9781612120133,The Chicken Health Handbook,Gail Damerow,Paperback,45,42.9,161212013X,2015-12-29,Workman,496
9781529003239,The Simple Truth,David Baldacci,Paperback,17.99,16.75,1529003237,2019-07-09,Pan Macmillan UK,704
9780755322824,Stardust,Neil Gaiman,Paperback,22.99,18.95,755322827,1999-05-01,Headline,214
9780761160854,The Essential Guide to Getting Your Book Published,Arielle Eckstut,Paperback,32.59,32.59,076116085X,2010-11-04,Workman,544
9780008117450,Ship of Magic,Robin Hobb,Paperback,22.99,20.35,8117454,2015-08-13,HarperCollins Publishers,896
9780857202970,The Night Stalker,Chris Carter,Paperback,22.99,20.4,857202979,2012-03-01,Simon & Schuster UK,464
9780586066232,The Songs of Distant Earth,Arthur C Clarke,Paperback,23.4,23.4,586066233,1998-11-02,HarperCollins Publishers,240
9780307762528,Not Found,,,,,,,,
9780743422277,Not Found,,,,,,,,
9780241290002,Not Found,,,,,,,,
9780061763403,Not Found,,,,,,,,
9780463983096,Not Found,,,,,,,,
9780241365984,Not Found,,,,,,,,
9781322117171,Not Found,,,,,,,,
9780141911717,Not Found,,,,,,,,
9780141930169,Not Found,,,,,,,,
9781250316783,Not Found,,,,,,,,
9780748115358,Not Found,,,,,,,,
9780141342436,Not Found,,,,,,,,
9780141903125,Not Found,,,,,,,,
9780141928685,Not Found,,,,,,,,
9780755386390,Not Found,,,,,,,,
9780230739673,Not Found,,,,,,,,
9781310517228,Not Found,,,,,,,,
9780698137653,Not Found,,,,,,,,
9780956308641,Not Found,,,,,,,,
9781405921107,Not Found,,,,,,,,
9780575087057,Not Found,,,,,,,,
9780440336358,Not Found,,,,,,,,
9780470901038,Not Found,,,,,,,,
9780698185890,Not Found,,,,,,,,
9780857202994,Not Found,,,,,,,,
9780446539654,Not Found,,,,,,,,
9781310869686,Not Found,,,,,,,,
9780241242643,Not Found,,,,,,,,
9780748109265,Not Found,,,,,,,,
9780241980750,Not Found,,,,,,,,
9780330469364,Not Found,,,,,,,,
9780241379011,Not Found,,,,,,,,
9780575088436,Not Found,,,,,,,,
9781405927697,Not Found,,,,,,,,
9780755350841,Not Found,,,,,,,,
9781101117996,Not Found,,,,,,,,
9781101209356,Not Found,,,,,,,,
9780755373970,Not Found,,,,,,,,
9780755380558,Not Found,,,,,,,,
9781250232984,Not Found,,,,,,,,
9780141926902,Not Found,,,,,,,,
9780571333141,Not Found,,,,,,,,
9781407035536,Not Found,,,,,,,,
9780141966151,Not Found,,,,,,,,
9780230225916,Not Found,,,,,,,,
9780804141116,Not Found,,,,,,,,
9780141929385,Not Found,,,,,,,,
9781471144011,Not Found,,,,,,,,
9780141964089,Not Found,,,,,,,,
9780141929576,Not Found,,,,,,,,
9780141957869,Not Found,,,,,,,,
9780141929743,Not Found,,,,,,,,
9780544836730,Not Found,,,,,,,,
9781328527905,Not Found,,,,,,,,
9780307965493,Not Found,,,,,,,,
9780547928517,Not Found,,,,,,,,
9780646987286,Not Found,,,,,,,,
9781101042182,Not Found,,,,,,,,
9780761174981,Not Found,,,,,,,,
9781365501210,Not Found,,,,,,,,
9780748115396,Not Found,,,,,,,,
9780857208347,Not Found,,,,,,,,
9780755376605,Not Found,,,,,,,,
9780785170655,Not Found,,,,,,,,
9781405926959,Not Found,,,,,,,,
9780241397817,Not Found,,,,,,,,
9781405919470,Not Found,,,,,,,,
9780316338363,Not Found,,,,,,,,
9780991190928,Not Found,,,,,,,,
9780141967561,Not Found,,,,,,,,
9780470893869,Not Found,,,,,,,,
9780698407091,Not Found,,,,,,,,
9780857206473,Not Found,,,,,,,,
9780141919959,Not Found,,,,,,,,
9781310839696,Not Found,,,,,,,,
9780061949098,Not Found,,,,,,,,
9780307978882,Not Found,,,,,,,,
9780230770072,Not Found,,,,,,,,
9780486114750,Not Found,,,,,,,,
9781405935166,Not Found,,,,,,,,
9780141941448,Not Found,,,,,,,,
9780575087309,Not Found,,,,,,,,
9780553904567,Not Found,,,,,,,,
9780857389572,Not Found,,,,,,,,
9781405914895,Not Found,,,,,,,,
9780141922324,Not Found,,,,,,,,
9780393069211,Not Found,,,,,,,,
9780544859562,Not Found,,,,,,,,
9780307538376,Not Found,,,,,,,,
9781407059198,Not Found,,,,,,,,
9780571247035,Not Found,,,,,,,,
9781302013769,Not Found,,,,,,,,
9781409106968,Not Found,,,,,,,,
9780141938332,Not Found,,,,,,,,
9780230760387,Not Found,,,,,,,,
9780141357041,Not Found,,,,,,,,
9781101533475,Not Found,,,,,,,,
9780857384416,Not Found,,,,,,,,
9780141908731,Not Found,,,,,,,,
9780316310338,Not Found,,,,,,,,
9780241979075,Not Found,,,,,,,,
9780748123056,Not Found,,,,,,,,
9781407035321,Not Found,,,,,,,,
9780748122660,Not Found,,,,,,,,
9780307778086,Not Found,,,,,,,,
9780141396217,Not Found,,,,,,,,
9780698151529,Not Found,,,,,,,,
9780141929682,Not Found,,,,,,,,
9781101904190,Not Found,,,,,,,,
9781405525855,Not Found,,,,,,,,
9780759509771,Not Found,,,,,,,,
9780241258750,Not Found,,,,,,,,
9780759520844,Not Found,,,,,,,,
9780755355976,Not Found,,,,,,,,
9781407039657,Not Found,,,,,,,,
9781405919227,Not Found,,,,,,,,
9780755118519,Not Found,,,,,,,,
9780141908328,Not Found,,,,,,,,
9780241979457,Not Found,,,,,,,,
9781250198600,Not Found,,,,,,,,
9780753553176,Not Found,,,,,,,,
9780715335543,Not Found,,,,,,,,
9780141985947,Not Found,,,,,,,,
9781401919276,Not Found,,,,,,,,
9780141991757,Not Found,,,,,,,,
9780141910338,Not Found,,,,,,,,
9780393712384,Not Found,,,,,,,,
9780761148425,Not Found,,,,,,,,
9781310198373,Not Found,,,,,,,,
9780356511511,Not Found,,,,,,,,
9780761165590,Not Found,,,,,,,,
9780307426758,Not Found,,,,,,,,
9780141904160,Not Found,,,,,,,,
9781407135281,Not Found,,,,,,,,
9780141964591,Not Found,,,,,,,,
9780997720105,Not Found,,,,,,,,
9780241192061,Not Found,,,,,,,,
9780670923090,Not Found,,,,,,,,
9780857081025,Not Found,,,,,,,,
9780753549063,Not Found,,,,,,,,
9780141965550,Not Found,,,,,,,,
9780141909653,Not Found,,,,,,,,
9780755351473,Not Found,,,,,,,,
9780141959856,Not Found,,,,,,,,
9781306291859,Not Found,,,,,,,,
9780141905570,Not Found,,,,,,,,
9780755384761,Not Found,,,,,,,,
9780748117468,Not Found,,,,,,,,
9780804179041,Not Found,,,,,,,,
9781407011349,Not Found,,,,,,,,
9780307414250,Not Found,,,,,,,,
9780730363996,Not Found,,,,,,,,
9780755387052,Not Found,,,,,,,,
9781407068060,Not Found,,,,,,,,
9780241986233,Not Found,,,,,,,,
9780547607955,Not Found,,,,,,,,
9780241361863,Not Found,,,,,,,,
9780141900940,Not Found,,,,,,,,
9780330469289,Not Found,,,,,,,,
9780241352533,Not Found,,,,,,,,
9780141941295,Not Found,,,,,,,,
9781108337519,Not Found,,,,,,,,
9780241974933,Not Found,,,,,,,,
9780717155651,Not Found,,,,,,,,
9781281371973,Not Found,,,,,,,,
9780297857440,Not Found,,,,,,,,
9780316448284,Not Found,,,,,,,,
9780241963913,Not Found,,,,,,,,
9780307422316,Not Found,,,,,,,,
9780307514929,Not Found,,,,,,,,
9780241322499,Not Found,,,,,,,,
9781405525961,Not Found,,,,,,,,
9780755350858,Not Found,,,,,,,,
9780748110001,Not Found,,,,,,,,
9780718197292,Not Found,,,,,,,,
9780141962900,Not Found,,,,,,,,
9781101155646,Not Found,,,,,,,,
9780857191410,Not Found,,,,,,,,
9780748133833,Not Found,,,,,,,,
9780307351487,Not Found,,,,,,,,
9781370046782,Not Found,,,,,,,,
9780307388629,Not Found,,,,,,,,
9780307483690,Not Found,,,,,,,,
9780330527989,Not Found,,,,,,,,
9780307887290,Not Found,,,,,,,,
9780748109500,Not Found,,,,,,,,
9780241376935,Not Found,,,,,,,,
9780748113347,Not Found,,,,,,,,
9780804151429,Not Found,,,,,,,,
9780755351879,Not Found,,,,,,,,
9780755373277,Not Found,,,,,,,,
9780748109586,Not Found,,,,,,,,
9780748121960,Not Found,,,,,,,,
9781407059044,Not Found,,,,,,,,
9780755350803,Not Found,,,,,,,,
9780748114337,Not Found,,,,,,,,
9781401920524,Not Found,,,,,,,,
9780141909820,Not Found,,,,,,,,
9780356503837,Not Found,,,,,,,,
9781393487326,Not Found,,,,,,,,
9781405528252,Not Found,,,,,,,,
9781405515665,Not Found,,,,,,,,
9781101985007,Not Found,,,,,,,,
9781119278979,Not Found,,,,,,,,
9780748117383,Not Found,,,,,,,,
9780141972091,Not Found,,,,,,,,
9780141190761,Not Found,,,,,,,,
9780141970257,Not Found,,,,,,,,
9780857899644,Not Found,,,,,,,,
9780748122769,Not Found,,,,,,,,
9781370005321,Not Found,,,,,,,,
9780316247184,Not Found,,,,,,,,
9780141960241,Not Found,,,,,,,,
9780141925325,Not Found,,,,,,,,
9780141956961,Not Found,,,,,,,,
9780062368683,Not Found,,,,,,,,
9780061911491,Not Found,,,,,,,,
9781370085170,Not Found,,,,,,,,
9780061802638,Not Found,,,,,,,,
9780241988794,Not Found,,,,,,,,
9780748111466,Not Found,,,,,,,,
9780141962016,Not Found,,,,,,,,
9780330468565,Not Found,,,,,,,,
9780141929552,Not Found,,,,,,,,
9780571357048,Not Found,,,,,,,,
9780743483308,Not Found,,,,,,,,
9780857896315,Not Found,,,,,,,,
9781405522779,Not Found,,,,,,,,
9781250175816,Not Found,,,,,,,,
9780735214163,Not Found,,,,,,,,
9780748110049,Not Found,,,,,,,,
9780141963792,Not Found,,,,,,,,
9780307792419,Not Found,,,,,,,,
9780241341049,Not Found,,,,,,,,
9781405934633,Not Found,,,,,,,,
9780486113708,Not Found,,,,,,,,
9780356511078,Not Found,,,,,,,,
9780751564150,Not Found,,,,,,,,
9780759574731,Not Found,,,,,,,,
9781306020275,Not Found,,,,,,,,
9780748123032,Not Found,,,,,,,,
9780330507073,Not Found,,,,,,,,
9781405527583,Not Found,,,,,,,,
9780241334225,Not Found,,,,,,,,
9780061947438,Not Found,,,,,,,,
9780007328918,Not Found,,,,,,,,
9781407004563,Not Found,,,,,,,,
9780755389506,Not Found,,,,,,,,
9780297864547,Not Found,,,,,,,,
9780748132034,Not Found,,,,,,,,
9780748121779,Not Found,,,,,,,,
9780316310444,Not Found,,,,,,,,
9780241969564,Not Found,,,,,,,,
9780755357208,Not Found,,,,,,,,
9780571339150,Not Found,,,,,,,,
9780575097599,Not Found,,,,,,,,
9780241243688,Not Found,,,,,,,,
9780062982735,Not Found,,,,,,,,
9781405928571,Not Found,,,,,,,,
9780753549049,Not Found,,,,,,,,
9780141964072,Not Found,,,,,,,,
9780141386041,Not Found,,,,,,,,
9780748129454,Not Found,,,,,,,,
9780141939230,Not Found,,,,,,,,
9781401944865,Not Found,,,,,,,,
9780241981368,Not Found,,,,,,,,
9781370912865,Not Found,,,,,,,,
9781473573222,Not Found,,,,,,,,
9780241404171,Not Found,,,,,,,,
9780547249643,Not Found,,,,,,,,
9780544187610,Not Found,,,,,,,,
9780230768130,Not Found,,,,,,,,
9780330473323,Not Found,,,,,,,,
9781405909969,Not Found,,,,,,,,
9781387629923,Not Found,,,,,,,,
9781407035284,Not Found,,,,,,,,
9781405912990,Not Found,,,,,,,,
9780842384896,Not Found,,,,,,,,
9780307414144,Not Found,,,,,,,,
9780992984915,Not Found,,,,,,,,
9780575091511,Not Found,,,,,,,,
9780141935386,Not Found,,,,,,,,
9780241146422,Not Found,,,,,,,,
9781407034737,Not Found,,,,,,,,
9781405914970,Not Found,,,,,,,,
9780141903989,Not Found,,,,,,,,
9781311796653,Not Found,,,,,,,,
9780141909417,Not Found,,,,,,,,
9781407070742,Not Found,,,,,,,,
9780141923680,Not Found,,,,,,,,
9780141928982,Not Found,,,,,,,,
9780141926100,Not Found,,,,,,,,
9781407034966,Not Found,,,,,,,,
9780141905693,Not Found,,,,,,,,
9781250303554,Not Found,,,,,,,,
9781405923590,Not Found,,,,,,,,
9781408820858,Not Found,,,,,,,,
9780463208823,Not Found,,,,,,,,
9780748122868,Not Found,,,,,,,,
9780141929569,Not Found,,,,,,,,
9780571328277,Not Found,,,,,,,,
9780141347738,Not Found,,,,,,,,
9780141933412,Not Found,,,,,,,,
9780385539265,Not Found,,,,,,,,
9781407034690,Not Found,,,,,,,,
9780241322536,Not Found,,,,,,,,
9780141369709,Not Found,,,,,,,,
9780857203090,Not Found,,,,,,,,
9780761187042,Not Found,,,,,,,,
9781405523127,Not Found,,,,,,,,
9781405943147,Not Found,,,,,,,,
9780834821033,Not Found,,,,,,,,
9780307416315,Not Found,,,,,,,,
9781409021315,Not Found,,,,,,,,
9780748129027,Not Found,,,,,,,,
9780141969183,Not Found,,,,,,,,
9780748110612,Not Found,,,,,,,,
9780230757073,Not Found,,,,,,,,
9780698198586,Not Found,,,,,,,,
9780748112883,Not Found,,,,,,,,
9781310928338,Not Found,,,,,,,,
9780765376732,Not Found,,,,,,,,
9780994865137,Not Found,,,,,,,,
9780061739255,Not Found,,,,,,,,
9780061804038,Not Found,,,,,,,,
9781407070049,Not Found,,,,,,,,
9780547345901,Not Found,,,,,,,,
9781282547674,Not Found,,,,,,,,
9781328662088,Not Found,,,,,,,,
9780241383117,Not Found,,,,,,,,
9781393267447,Not Found,,,,,,,,
9780060882662,Not Found,,,,,,,,
9780349401874,Not Found,,,,,,,,
9780230761230,Not Found,,,,,,,,
9780241977613,Not Found,,,,,,,,
9780241984000,Not Found,,,,,,,,
9780755387069,Not Found,,,,,,,,
9780755385744,Not Found,,,,,,,,
9781101533116,Not Found,,,,,,,,
9780007327645,Not Found,,,,,,,,
9780648324652,Not Found,,,,,,,,
9780230739161,Not Found,,,,,,,,
9781509865437,Not Found,,,,,,,,
9780141904108,Not Found,,,,,,,,
9780141957074,Not Found,,,,,,,,
9781405519229,Not Found,,,,,,,,
9780230760653,Not Found,,,,,,,,
9780748124800,Not Found,,,,,,,,
9780755371365,Not Found,,,,,,,,
9780007338672,Not Found,,,,,,,,
9780141959238,Not Found,,,,,,,,
9780755373260,Not Found,,,,,,,,
9781301917099,Not Found,,,,,,,,
9780691189970,Not Found,,,,,,,,
9780755384808,Not Found,,,,,,,,
9781405909914,Not Found,,,,,,,,
9780571323777,Not Found,,,,,,,,
9781250229786,Not Found,,,,,,,,
9780307414311,Not Found,,,,,,,,
9780241398333,Not Found,,,,,,,,
9780007329052,Not Found,,,,,,,,
9780241321942,Not Found,,,,,,,,
9780575087491,Not Found,,,,,,,,
9781405519946,Not Found,,,,,,,,
9780648264873,Not Found,,,,,,,,
9780141938264,Not Found,,,,,,,,
9780316230209,Not Found,,,,,,,,
9780141952000,Not Found,,,,,,,,
9781310157202,Not Found,,,,,,,,
9781405944038,Not Found,,,,,,,,
9780575122796,Not Found,,,,,,,,
9780751555752,Not Found,,,,,,,,
9780356509303,Not Found,,,,,,,,
9780544465619,Not Found,,,,,,,,
9780241404300,Not Found,,,,,,,,
9780752876788,Not Found,,,,,,,,
9780547769332,Not Found,,,,,,,,
9781393148548,Not Found,,,,,,,,
9780241961544,Not Found,,,,,,,,
9780571338764,Not Found,,,,,,,,
9780141910048,Not Found,,,,,,,,
9780241382929,Not Found,,,,,,,,
9780241981320,Not Found,,,,,,,,
9780241283936,Not Found,,,,,,,,
9780141972244,Not Found,,,,,,,,
9780230754737,Not Found,,,,,,,,
9781101623695,Not Found,,,,,,,,
9780748122981,Not Found,,,,,,,,
9780141969190,Not Found,,,,,,,,
9780230743847,Not Found,,,,,,,,
9780753545195,Not Found,,,,,,,,
9780330513173,Not Found,,,,,,,,
9780857207296,Not Found,,,,,,,,
9780307796103,Not Found,,,,,,,,
9780141353975,Not Found,,,,,,,,
9780230770096,Not Found,,,,,,,,
9780857899767,Not Found,,,,,,,,
9781405917902,Not Found,,,,,,,,
9781328561770,Not Found,,,,,,,,
9780141963624,Not Found,,,,,,,,
9780571336234,Not Found,,,,,,,,
9780141925912,Not Found,,,,,,,,
9780141347790,Not Found,,,,,,,,
9780316436489,Not Found,,,,,,,,
9781405921824,Not Found,,,,,,,,
9780748125715,Not Found,,,,,,,,
9780132100670,Not Found,,,,,,,,
9780241188828,Not Found,,,,,,,,
9781370239290,Not Found,,,,,,,,
9781405929813,Not Found,,,,,,,,
9781301652815,Not Found,,,,,,,,
9780814413470,Not Found,,,,,,,,
9781101585658,Not Found,,,,,,,,
9780297857020,Not Found,,,,,,,,
9781310761898,Not Found,,,,,,,,
9781101175293,Not Found,,,,,,,,
9780544553729,Not Found,,,,,,,,
9780007320936,Not Found,,,,,,,,
9780230760615,Not Found,,,,,,,,
9780385528849,Not Found,,,,,,,,
9780938045878,Not Found,,,,,,,,
9781407068305,Not Found,,,,,,,,
9780230768123,Not Found,,,,,,,,
9780307490247,Not Found,,,,,,,,
9780544562363,Not Found,,,,,,,,
9780316183208,Not Found,,,,,,,,
9780241987803,Not Found,,,,,,,,
9780141927138,Not Found,,,,,,,,
9780755357222,Not Found,,,,,,,,
9780943217123,Not Found,,,,,,,,
9780061947353,Not Found,,,,,,,,
9781304378088,Not Found,,,,,,,,
9780716022527,Not Found,,,,,,,,
9780718186395,Not Found,,,,,,,,
9780141365855,Not Found,,,,,,,,
9780575104181,Not Found,,,,,,,,
9780755399611,Not Found,,,,,,,,
9780141930961,Not Found,,,,,,,,
9780748109258,Not Found,,,,,,,,
9780698140325,Not Found,,,,,,,,
9781118968079,Not Found,,,,,,,,
9780241396940,Not Found,,,,,,,,
9780753546413,Not Found,,,,,,,,
9781405937085,Not Found,,,,,,,,
9781407039206,Not Found,,,,,,,,
9780718186111,Not Found,,,,,,,,
9780241283523,Not Found,,,,,,,,
9780755375523,Not Found,,,,,,,,
9780544444683,Not Found,,,,,,,,
9780330514750,Not Found,,,,,,,,
9780141353111,Not Found,,,,,,,,
9780748116393,Not Found,,,,,,,,
9781405525848,Not Found,,,,,,,,
9780241281130,Not Found,,,,,,,,
9781405512008,Not Found,,,,,,,,
9780141983493,Not Found,,,,,,,,
9780141906003,Not Found,,,,,,,,
9780241355244,Not Found,,,,,,,,
9780547370224,Not Found,,,,,,,,
9780857896384,Not Found,,,,,,,,
9781927100158,Not Found,,,,,,,,
9780230771437,Not Found,,,,,,,,
9781407021010,Not Found,,,,,,,,
9780241957493,Not Found,,,,,,,,
9780141956831,Not Found,,,,,,,,
9780755351985,Not Found,,,,,,,,
9780141916231,Not Found,,,,,,,,
9780743492621,Not Found,,,,,,,,
9780755387298,Not Found,,,,,,,,
9780748130825,Not Found,,,,,,,,
9781473563742,Not Found,,,,,,,,
9780241985441,Not Found,,,,,,,,
9780241981115,Not Found,,,,,,,,
9780786752164,Not Found,,,,,,,,
9780785182979,Not Found,,,,,,,,
9780575088498,Not Found,,,,,,,,
9780525542506,Not Found,,,,,,,,
9780141968582,Not Found,,,,,,,,
9780241978504,Not Found,,,,,,,,
9780307237811,Not Found,,,,,,,,
9780755385171,Not Found,,,,,,,,
9780141331584,Not Found,,,,,,,,
9780316389716,Not Found,,,,,,,,
9780446540421,Not Found,,,,,,,,
9781405519236,Not Found,,,,,,,,
9781405934169,Not Found,,,,,,,,
9780241981412,Not Found,,,,,,,,
9780230758025,Not Found,,,,,,,,
9780349116846,Not Found,,,,,,,,
9780141908359,Not Found,,,,,,,,
9780748128808,Not Found,,,,,,,,
9780241978825,Not Found,,,,,,,,
9780141903187,Not Found,,,,,,,,
9780316221016,Not Found,,,,,,,,
9780871409508,Not Found,,,,,,,,
9780994054418,Not Found,,,,,,,,
9781401235413,Not Found,,,,,,,,
9780140621297,Not Found,,,,,,,,
9781283052948,Not Found,,,,,,,,
9780307271464,Not Found,,,,,,,,
9780748109296,Not Found,,,,,,,,
9780307414151,Not Found,,,,,,,,
9781405921527,Not Found,,,,,,,,
9780755375608,Not Found,,,,,,,,
9780755397860,Not Found,,,,,,,,
9780241335444,Not Found,,,,,,,,
9780748133918,Not Found,,,,,,,,
9781405928557,Not Found,,,,,,,,
9781302013677,Not Found,,,,,,,,
9780544973978,Not Found,,,,,,,,
9781408806197,Not Found,,,,,,,,
9780748131327,Not Found,,,,,,,,
9780141966649,Not Found,,,,,,,,
9780141905822,Not Found,,,,,,,,
9780356507224,Not Found,,,,,,,,
9780544369979,Not Found,,,,,,,,
9781409021551,Not Found,,,,,,,,
9780230713741,Not Found,,,,,,,,
9780994054401,Not Found,,,,,,,,
9780241304297,Not Found,,,,,,,,
9781405525671,Not Found,,,,,,,,
9781405937528,Not Found,,,,,,,,
9780141937342,Not Found,,,,,,,,
9780297867319,Not Found,,,,,,,,
9781101604045,Not Found,,,,,,,,
9781405928281,Not Found,,,,,,,,
9781101543771,Not Found,,,,,,,,
9780748113378,Not Found,,,,,,,,
9780141967448,Not Found,,,,,,,,
9780141900834,Not Found,,,,,,,,
9780307982773,Not Found,,,,,,,,
9780307430861,Not Found,,,,,,,,
9781407024776,Not Found,,,,,,,,
9780748129089,Not Found,,,,,,,,
9780785178262,Not Found,,,,,,,,
9780141911113,Not Found,,,,,,,,
9780718186494,Not Found,,,,,,,,
9780141930015,Not Found,,,,,,,,
9780755387359,Not Found,,,,,,,,
9780743499965,Not Found,,,,,,,,
9780356512280,Not Found,,,,,,,,
9781306358422,Not Found,,,,,,,,
9780857077295,Not Found,,,,,,,,
9780141923505,Not Found,,,,,,,,
9780241976579,Not Found,,,,,,,,
9781250185464,Not Found,,,,,,,,
9781306072465,Not Found,,,,,,,,
9780755352449,Not Found,,,,,,,,
9780141350684,Not Found,,,,,,,,
9780230767539,Not Found,,,,,,,,
9780395657867,Not Found,,,,,,,,
9780755352012,Not Found,,,,,,,,
9780307796189,Not Found,,,,,,,,
9781370483051,Not Found,,,,,,,,
9780753553084,Not Found,,,,,,,,
9780141388786,Not Found,,,,,,,,
9780297860242,Not Found,,,,,,,,
9781306020725,Not Found,,,,,,,,
9780297868385,Not Found,,,,,,,,
9781370211678,Not Found,,,,,,,,
9780297855873,Not Found,,,,,,,,
9780857388926,Not Found,,,,,,,,
9781105795985,Not Found,,,,,,,,
9781405935616,Not Found,,,,,,,,
9781405938259,Not Found,,,,,,,,
9780141924434,Not Found,,,,,,,,
9780141909776,Not Found,,,,,,,,
9780141397030,Not Found,,,,,,,,
9780230763043,Not Found,,,,,,,,
9780241958735,Not Found,,,,,,,,
9780141914527,Not Found,,,,,,,,
9780748112586,Not Found,,,,,,,,
9780230761223,Not Found,,,,,,,,
9780575088238,Not Found,,,,,,,,
9781408851234,Not Found,,,,,,,,
9780755387144,Not Found,,,,,,,,
9780399182112,Not Found,,,,,,,,
9780316262330,Not Found,,,,,,,,
9780330513142,Not Found,,,,,,,,
9780330473033,Not Found,,,,,,,,
9780141960654,Not Found,,,,,,,,
9780061981746,Not Found,,,,,,,,
9781405529631,Not Found,,,,,,,,
9780748121762,Not Found,,,,,,,,
9780141190693,Not Found,,,,,,,,
9781407056982,Not Found,,,,,,,,
9780241979723,Not Found,,,,,,,,
9780857868770,Not Found,,,,,,,,
9781408841068,Not Found,,,,,,,,
9780785160069,Not Found,,,,,,,,
9781365014925,Not Found,,,,,,,,
9781448151523,Not Found,,,,,,,,
9781407070711,Not Found,,,,,,,,
9781407010953,Not Found,,,,,,,,
9780857056443,Not Found,,,,,,,,
9781407070216,Not Found,,,,,,,,
9781405512176,Not Found,,,,,,,,
9780544759213,Not Found,,,,,,,,
9780141906430,Not Found,,,,,,,,
9780544245587,Not Found,,,,,,,,
9781407096186,Not Found,,,,,,,,
9780755353453,Not Found,,,,,,,,
9781407070544,Not Found,,,,,,,,
9781407071879,Not Found,,,,,,,,
9781407086071,Not Found,,,,,,,,
9780141342610,Not Found,,,,,,,,
9780553897050,Not Found,,,,,,,,
9780141952123,Not Found,,,,,,,,
9780241983133,Not Found,,,,,,,,
9781405936019,Not Found,,,,,,,,
9780755387199,Not Found,,,,,,,,
9780316252997,Not Found,,,,,,,,
9780141930183,Not Found,,,,,,,,
9780297855897,Not Found,,,,,,,,
9780553903102,Not Found,,,,,,,,
9780544084780,Not Found,,,,,,,,
9780241983409,Not Found,,,,,,,,
9781409003175,Not Found,,,,,,,,
9780241966068,Not Found,,,,,,,,
9780857863430,Not Found,,,,,,,,
9780998151649,Not Found,,,,,,,,
9780748109272,Not Found,,,,,,,,
9780670920501,Not Found,,,,,,,,
9780755118397,Not Found,,,,,,,,
9780230752368,Not Found,,,,,,,,
9780241965610,Not Found,,,,,,,,
9780748109951,Not Found,,,,,,,,
9780575097476,Not Found,,,,,,,,
9780544147775,Not Found,,,,,,,,
9780297864004,Not Found,,,,,,,,
9780330461931,Not Found,,,,,,,,
9780575104426,Not Found,,,,,,,,
9780241986554,Not Found,,,,,,,,
9780241984642,Not Found,,,,,,,,
9781400888023,Not Found,,,,,,,,
9780241399378,Not Found,,,,,,,,
9781306863421,Not Found,,,,,,,,
9780141907178,Not Found,,,,,,,,
9781405930819,Not Found,,,,,,,,
9781405913157,Not Found,,,,,,,,
9780761178668,Not Found,,,,,,,,
9780857208750,Not Found,,,,,,,,
9780141912554,Not Found,,,,,,,,
9781407020952,Not Found,,,,,,,,
9780785171454,Not Found,,,,,,,,
9781407034935,Not Found,,,,,,,,
9780230772021,Not Found,,,,,,,,
9781101201794,Not Found,,,,,,,,
9780241973288,Not Found,,,,,,,,
9781405934671,Not Found,,,,,,,,
9780748110087,Not Found,,,,,,,,
9780141930176,Not Found,,,,,,,,
9781401937522,Not Found,,,,,,,,
9780141946030,Not Found,,,,,,,,
9780553898415,Not Found,,,,,,,,
9781301211227,Not Found,,,,,,,,
9780141913995,Not Found,,,,,,,,
9780748129232,Not Found,,,,,,,,
9780141917986,Not Found,,,,,,,,
9780748127726,Not Found,,,,,,,,
9780297857884,Not Found,,,,,,,,
9780316252966,Not Found,,,,,,,,
9780857346568,Not Found,,,,,,,,
9781455550791,Not Found,,,,,,,,
9780989929158,Not Found,,,,,,,,
9781473501539,Not Found,,,,,,,,
9781101625545,Not Found,,,,,,,,
9781405925679,Not Found,,,,,,,,
9781281372048,Not Found,,,,,,,,
9781407071565,Not Found,,,,,,,,
9780241392102,Not Found,,,,,,,,
9780755128082,Not Found,,,,,,,,
9781405919319,Not Found,,,,,,,,
9780230741140,Not Found,,,,,,,,
9780141975597,Not Found,,,,,,,,
9780241984581,Not Found,,,,,,,,
9780755378500,Not Found,,,,,,,,
9780748124619,Not Found,,,,,,,,
9780753553947,Not Found,,,,,,,,
9780807014288,Not Found,,,,,,,,
9780307744920,Not Found,,,,,,,,
9780575095854,Not Found,,,,,,,,
9780141915067,Not Found,,,,,,,,
9780007283033,Not Found,,,,,,,,
9781407020358,Not Found,,,,,,,,
9780486113036,Not Found,,,,,,,,
9781405529518,Not Found,,,,,,,,
9781401395421,Not Found,,,,,,,,
9780283070891,Not Found,,,,,,,,
9780748109685,Not Found,,,,,,,,
9780241308363,Not Found,,,,,,,,
9780571298716,Not Found,,,,,,,,
9780134190563,Not Found,,,,,,,,
9780648046219,Not Found,,,,,,,,
9781119404514,Not Found,,,,,,,,
9780141369778,Not Found,,,,,,,,
9780141924601,Not Found,,,,,,,,
9780571341191,Not Found,,,,,,,,
9780141967318,Not Found,,,,,,,,
9780230741928,Not Found,,,,,,,,
9780241983881,Not Found,,,,,,,,
9780358018971,Not Found,,,,,,,,
9780571356515,Not Found,,,,,,,,
9780141924403,Not Found,,,,,,,,
9780141344751,Not Found,,,,,,,,
9781302453640,Not Found,,,,,,,,
9780994105455,Not Found,,,,,,,,
9780748125784,Not Found,,,,,,,,
9780241983027,Not Found,,,,,,,,
9781405913195,Not Found,,,,,,,,
9780141930459,Not Found,,,,,,,,
9781405932677,Not Found,,,,,,,,
9780748112531,Not Found,,,,,,,,
9780241295434,Not Found,,,,,,,,
9781407035208,Not Found,,,,,,,,
9781405911351,Not Found,,,,,,,,
9780718158293,Not Found,,,,,,,,
9781405530668,Not Found,,,,,,,,
9780748109357,Not Found,,,,,,,,
9781407060736,Not Found,,,,,,,,
9781405525954,Not Found,,,,,,,,
9780857667809,Not Found,,,,,,,,
9780575089372,Not Found,,,,,,,,
9781407035024,Not Found,,,,,,,,
9780071771320,Not Found,,,,,,,,
9780748109524,Not Found,,,,,,,,
9780241324752,Not Found,,,,,,,,
9780156033121,Not Found,,,,,,,,
9781405918770,Not Found,,,,,,,,
9781101606605,Not Found,,,,,,,,
9780241967454,Not Found,,,,,,,,
9780230763098,Not Found,,,,,,,,
9780241978870,Not Found,,,,,,,,
9780719811135,Not Found,,,,,,,,
9780671036904,Not Found,,,,,,,,
9780062358486,Not Found,,,,,,,,
9780857382184,Not Found,,,,,,,,
9780241975909,Not Found,,,,,,,,
9780141958309,Not Found,,,,,,,,
9780141393964,Not Found,,,,,,,,
9780670922864,Not Found,,,,,,,,
9781250142658,Not Found,,,,,,,,
9780141903026,Not Found,,,,,,,,
9781405917315,Not Found,,,,,,,,
9780307422989,Not Found,,,,,,,,
9780748116072,Not Found,,,,,,,,
9781409064916,Not Found,,,,,,,,
9780241982525,Not Found,,,,,,,,
9781407008394,Not Found,,,,,,,,
9780748120482,Not Found,,,,,,,,
9780141388670,Not Found,,,,,,,,
9780241984338,Not Found,,,,,,,,
9780753550304,Not Found,,,,,,,,
9780957519305,Not Found,,,,,,,,
9780718179571,Not Found,,,,,,,,
9781405939645,Not Found,,,,,,,,
9780748122349,Not Found,,,,,,,,
9780241351659,Not Found,,,,,,,,
9781405913638,Not Found,,,,,,,,
9780718196127,Not Found,,,,,,,,
9780463228456,Not Found,,,,,,,,
9781101077221,Not Found,,,,,,,,
9781101612323,Not Found,,,,,,,,
9780857202918,Not Found,,,,,,,,
9780316210829,Not Found,,,,,,,,
9781311117090,Not Found,,,,,,,,
9780463765791,Not Found,,,,,,,,
9780544145979,Not Found,,,,,,,,
9780141902807,Not Found,,,,,,,,
9780307808028,Not Found,,,,,,,,
9780141974675,Not Found,,,,,,,,
9780547728469,Not Found,,,,,,,,
9780241985854,Not Found,,,,,,,,
9780241318386,Not Found,,,,,,,,
9780834821040,Not Found,,,,,,,,
9780141974965,Not Found,,,,,,,,
9780141369839,Not Found,,,,,,,,
9780547859095,Not Found,,,,,,,,
9780141919683,Not Found,,,,,,,,
9780141339238,Not Found,,,,,,,,
9780061135675,Not Found,,,,,,,,
9780748116997,Not Found,,,,,,,,
9781407034904,Not Found,,,,,,,,
9780230764897,Not Found,,,,,,,,
9780141908762,Not Found,,,,,,,,
9780316449038,Not Found,,,,,,,,
9781393711339,Not Found,,,,,,,,
9780544539211,Not Found,,,,,,,,
9780544303249,Not Found,,,,,,,,
9781311339607,Not Found,,,,,,,,
9781302402228,Not Found,,,,,,,,
9781405923552,Not Found,,,,,,,,
9781101607626,Not Found,,,,,,,,
9780297865803,Not Found,,,,,,,,
9781407017686,Not Found,,,,,,,,
9780141906201,Not Found,,,,,,,,
9780648046271,Not Found,,,,,,,,
9780141960616,Not Found,,,,,,,,
9780748115419,Not Found,,,,,,,,
9780241270547,Not Found,,,,,,,,
9780786954032,Not Found,,,,,,,,
9780297870937,Not Found,,,,,,,,
9780141964522,Not Found,,,,,,,,
9780141385273,Not Found,,,,,,,,
9780141960609,Not Found,,,,,,,,
9780141928524,Not Found,,,,,,,,
9780141971667,Not Found,,,,,,,,
9780007444250,Not Found,,,,,,,,
9780465029747,Not Found,,,,,,,,
9781408808542,Not Found,,,,,,,,
9780141975276,Not Found,,,,,,,,
9780748123018,Not Found,,,,,,,,
9780061751752,Not Found,,,,,,,,
9780141907857,Not Found,,,,,,,,
9780307388124,Not Found,,,,,,,,
9780375896156,Not Found,,,,,,,,
9781101097632,Not Found,,,,,,,,
9781310976322,Not Found,,,,,,,,
9781306021241,Not Found,,,,,,,,
9780748113118,Not Found,,,,,,,,
9781405920452,Not Found,,,,,,,,
9780241982099,Not Found,,,,,,,,
9780141921150,Not Found,,,,,,,,
9780230754799,Not Found,,,,,,,,
9780141959740,Not Found,,,,,,,,
9780297859666,Not Found,,,,,,,,
9781405909563,Not Found,,,,,,,,
9781281371812,Not Found,,,,,,,,
9780748122851,Not Found,,,,,,,,
9780141901916,Not Found,,,,,,,,
9781407073361,Not Found,,,,,,,,
9780748123070,Not Found,,,,,,,,
9780141917320,Not Found,,,,,,,,
9780755359714,Not Found,,,,,,,,
9780141964034,Not Found,,,,,,,,
9780982601617,Not Found,,,,,,,,
9780297857136,Not Found,,,,,,,,
9780241964262,Not Found,,,,,,,,
9780751561418,Not Found,,,,,,,,
9780575097766,Not Found,,,,,,,,
9781409003076,Not Found,,,,,,,,
9780241987063,Not Found,,,,,,,,
9780994054456,Not Found,,,,,,,,
9781328545862,Not Found,,,,,,,,
9780988776241,Not Found,,,,,,,,
9780748128228,Not Found,,,,,,,,
9780755120109,Not Found,,,,,,,,
9780755147533,Not Found,,,,,,,,
9780753550663,Not Found,,,,,,,,
9780698163010,Not Found,,,,,,,,
9780007289431,Not Found,,,,,,,,
9780748130818,Not Found,,,,,,,,
9780141350196,Not Found,,,,,,,,
9781407039084,Not Found,,,,,,,,
9781310410901,Not Found,,,,,,,,
9780230752771,Not Found,,,,,,,,
9780307276797,Not Found,,,,,,,,
9780141956527,Not Found,,,,,,,,
9780755387250,Not Found,,,,,,,,
9781448135608,Not Found,,,,,,,,
9780241968192,Not Found,,,,,,,,
9781405919715,Not Found,,,,,,,,
9780141971575,Not Found,,,,,,,,
9780241335246,Not Found,,,,,,,,
9780463368831,Not Found,,,,,,,,
9780861719969,Not Found,,,,,,,,
9780738717500,Not Found,,,,,,,,
9780141930268,Not Found,,,,,,,,
9780141918846,Not Found,,,,,,,,
9780544602670,Not Found,,,,,,,,
9781370734337,Not Found,,,,,,,,
9780748128181,Not Found,,,,,,,,
9780141929774,Not Found,,,,,,,,
9780755147557,Not Found,,,,,,,,
9781310537349,Not Found,,,,,,,,
9781407059518,Not Found,,,,,,,,
9781250249463,Not Found,,,,,,,,
9780463469149,Not Found,,,,,,,,
9781408895207,Not Found,,,,,,,,
9780241960387,Not Found,,,,,,,,
9780982422755,Not Found,,,,,,,,
9780463255414,Not Found,,,,,,,,
9780141924540,Not Found,,,,,,,,
9780297859116,Not Found,,,,,,,,
9781407097961,Not Found,,,,,,,,
9780486113463,Not Found,,,,,,,,
9780141917115,Not Found,,,,,,,,
9780136083252,Not Found,,,,,,,,
9780755350780,Not Found,,,,,,,,
9781407057026,Not Found,,,,,,,,
9780748116089,Not Found,,,,,,,,
9780997720112,Not Found,,,,,,,,
9781405910262,Not Found,,,,,,,,
9780241242551,Not Found,,,,,,,,
9780230768116,Not Found,,,,,,,,
9781101042458,Not Found,,,,,,,,
9781407040929,Not Found,,,,,,,,
9780374706449,Not Found,,,,,,,,
9780307267450,Not Found,,,,,,,,
9780465096060,Not Found,,,,,,,,
9781407059013,Not Found,,,,,,,,
9781407097626,Not Found,,,,,,,,
9780718186791,Not Found,,,,,,,,
9780575096608,Not Found,,,,,,,,
9780241961018,Not Found,,,,,,,,
9781407068039,Not Found,,,,,,,,
9780061984204,Not Found,,,,,,,,
9781310521195,Not Found,,,,,,,,
9780748122424,Not Found,,,,,,,,
9781405938150,Not Found,,,,,,,,
9781447274452,Not Found,,,,,,,,
9780141966106,Not Found,,,,,,,,
9781101642610,Not Found,,,,,,,,
9781281372079,Not Found,,,,,,,,
9781306432771,Not Found,,,,,,,,
9780283071904,Not Found,,,,,,,,
9780230736450,Not Found,,,,,,,,
9780749020507,Not Found,,,,,,,,
9780141910277,Not Found,,,,,,,,
9780698190856,Not Found,,,,,,,,
9780748129102,Not Found,,,,,,,,
9780141932651,Not Found,,,,,,,,
9780571288090,Not Found,,,,,,,,
9780061974151,Not Found,,,,,,,,
9781101626245,Not Found,,,,,,,,
9780241985670,Not Found,,,,,,,,
9780241958230,Not Found,,,,,,,,
9780241004234,Not Found,,,,,,,,
9781281372017,Not Found,,,,,,,,
9780316210942,Not Found,,,,,,,,
9780763656331,Not Found,,,,,,,,
9780141364063,Not Found,,,,,,,,
9781393152736,Not Found,,,,,,,,
9780748133543,Not Found,,,,,,,,
9780316310406,Not Found,,,,,,,,
9780141920078,Not Found,,,,,,,,
9780463866795,Not Found,,,,,,,,
9780297865186,Not Found,,,,,,,,
9781405915304,Not Found,,,,,,,,
9780575097452,Not Found,,,,,,,,
9780141959214,Not Found,,,,,,,,
9780241338568,Not Found,,,,,,,,
9781405919289,Not Found,,,,,,,,
9780307422224,Not Found,,,,,,,,
9780330466257,Not Found,,,,,,,,
9780718196370,Not Found,,,,,,,,
9780330514217,Not Found,,,,,,,,
9780330514620,Not Found,,,,,,,,
9780755377770,Not Found,,,,,,,,
9780698185357,Not Found,,,,,,,,
9780755371549,Not Found,,,,,,,,
9780748126323,Not Found,,,,,,,,
9780141960777,Not Found,,,,,,,,
9780241977576,Not Found,,,,,,,,
9780241967553,Not Found,,,,,,,,
9781407005416,Not Found,,,,,,,,
9780804151412,Not Found,,,,,,,,
9781101626481,Not Found,,,,,,,,
9780297860709,Not Found,,,,,,,,
9780241341155,Not Found,,,,,,,,
9780761187158,Not Found,,,,,,,,
9780993283222,Not Found,,,,,,,,
9780755373208,Not Found,,,,,,,,
9781101539705,Not Found,,,,,,,,
9780330469449,Not Found,,,,,,,,
9780141911540,Not Found,,,,,,,,
9780307272300,Not Found,,,,,,,,
9780141967455,Not Found,,,,,,,,
9780857863607,Not Found,,,,,,,,
9780857083739,Not Found,,,,,,,,
9780141978628,Not Found,,,,,,,,
9780241974544,Not Found,,,,,,,,
9780141918440,Not Found,,,,,,,,
9781370889785,Not Found,,,,,,,,
9781101619292,Not Found,,,,,,,,
9781405927154,Not Found,,,,,,,,
9780241966174,Not Found,,,,,,,,
9780141908335,Not Found,,,,,,,,
9780857076748,Not Found,,,,,,,,
9780857896766,Not Found,,,,,,,,
9780786747429,Not Found,,,,,,,,
9780748109289,Not Found,,,,,,,,
9781405918664,Not Found,,,,,,,,
9781407054735,Not Found,,,,,,,,
9780571321834,Not Found,,,,,,,,
9781405918800,Not Found,,,,,,,,
9780241327746,Not Found,,,,,,,,
9780345534460,Not Found,,,,,,,,
9780748113293,Not Found,,,,,,,,
9780951951729,Not Found,,,,,,,,
9780755394586,Not Found,,,,,,,,
9780575105843,Not Found,,,,,,,,
9781101609798,Not Found,,,,,,,,
9780755379958,Not Found,,,,,,,,
9781402798801,Not Found,,,,,,,,
9781405933131,Not Found,,,,,,,,
9780755380022,Not Found,,,,,,,,
9780748122974,Not Found,,,,,,,,
9781405518055,Not Found,,,,,,,,
9780575123151,Not Found,,,,,,,,
9781401954741,Not Found,,,,,,,,
9780241019191,Not Found,,,,,,,,
9781405942386,Not Found,,,,,,,,
9780709095149,Not Found,,,,,,,,
9780141962306,Not Found,,,,,,,,
9781101620380,Not Found,,,,,,,,
9780307952219,Not Found,,,,,,,,
9780060826734,Not Found,,,,,,,,
9780544456846,Not Found,,,,,,,,
9781405909730,Not Found,,,,,,,,
9780241334157,Not Found,,,,,,,,
9780297869887,Not Found,,,,,,,,
9780141986395,Not Found,,,,,,,,
9780698190214,Not Found,,,,,,,,
9780544838307,Not Found,,,,,,,,
9780575088078,Not Found,,,,,,,,
9780749020200,Not Found,,,,,,,,
9781405520591,Not Found,,,,,,,,
9780755393954,Not Found,,,,,,,,
9780748112555,Not Found,,,,,,,,
9780544464964,Not Found,,,,,,,,
9781407070605,Not Found,,,,,,,,
9780748112562,Not Found,,,,,,,,
9780141903736,Not Found,,,,,,,,
9780547773995,Not Found,,,,,,,,
9780141923475,Not Found,,,,,,,,
9780141914732,Not Found,,,,,,,,
9780748128624,Not Found,,,,,,,,
9781405522519,Not Found,,,,,,,,
9780571301751,Not Found,,,,,,,,
9780297859147,Not Found,,,,,,,,
9780988564107,Not Found,,,,,,,,
9780060005443,Not Found,,,,,,,,
9781407086767,Not Found,,,,,,,,
9780241985427,Not Found,,,,,,,,
9781306015974,Not Found,,,,,,,,
9780463163801,Not Found,,,,,,,,
9781306265362,Not Found,,,,,,,,
9780297870142,Not Found,,,,,,,,
9780575099968,Not Found,,,,,,,,
9781407070643,Not Found,,,,,,,,
9780698181502,Not Found,,,,,,,,
9780698148451,Not Found,,,,,,,,
9780141991450,Not Found,,,,,,,,
9780141369808,Not Found,,,,,,,,
9780748125944,Not Found,,,,,,,,
9780748118939,Not Found,,,,,,,,
9781405921732,Not Found,,,,,,,,
9780748121755,Not Found,,,,,,,,
9780330465670,Not Found,,,,,,,,
9780679645030,Not Found,,,,,,,,
9781101549537,Not Found,,,,,,,,
9780718184919,Not Found,,,,,,,,
9780241410745,Not Found,,,,,,,,
9780575086005,Not Found,,,,,,,,
9780241304433,Not Found,,,,,,,,
9780985228736,Not Found,,,,,,,,
9780141923642,Not Found,,,,,,,,
9780307489609,Not Found,,,,,,,,
9781407059457,Not Found,,,,,,,,
9780698136779,Not Found,,,,,,,,
9780141925073,Not Found,,,,,,,,
9780748116676,Not Found,,,,,,,,
9780575099913,Not Found,,,,,,,,
9780141190662,Not Found,,,,,,,,
9780141904757,Not Found,,,,,,,,
9780748132003,Not Found,,,,,,,,
9780748115457,Not Found,,,,,,,,
9780141398211,Not Found,,,,,,,,
9781405528733,Not Found,,,,,,,,
9780748116119,Not Found,,,,,,,,
9781407039176,Not Found,,,,,,,,
9780575104419,Not Found,,,,,,,,
9780670923182,Not Found,,,,,,,,
9780241187159,Not Found,,,,,,,,
9780751567779,Not Found,,,,,,,,
9780061801891,Not Found,,,,,,,,
9780857072900,Not Found,,,,,,,,
9781351624534,Not Found,,,,,,,,
9781405523134,Not Found,,,,,,,,
9780748115686,Not Found,,,,,,,,
9780141903958,Not Found,,,,,,,,
9780241235973,Not Found,,,,,,,,
9780330457286,Not Found,,,,,,,,
9780718159023,Not Found,,,,,,,,
9781118001318,Not Found,,,,,,,,
9781407047966,Not Found,,,,,,,,
9780857208996,Not Found,,,,,,,,
9780141927589,Not Found,,,,,,,,
9780486132532,Not Found,,,,,,,,
9780486113241,Not Found,,,,,,,,
9780857207500,Not Found,,,,,,,,
9780330514507,Not Found,,,,,,,,
9781101637807,Not Found,,,,,,,,
9781250014184,Not Found,,,,,,,,
9780995105003,Not Found,,,,,,,,
9781310514760,Not Found,,,,,,,,
9780141924649,Not Found,,,,,,,,
9780748110193,Not Found,,,,,,,,
9780593054277,Not Found,,,,,,,,
9780349004594,Not Found,,,,,,,,
9780241958346,Not Found,,,,,,,,
9781101912508,Not Found,,,,,,,,
9780330468466,Not Found,,,,,,,,
9780007287758,Not Found,,,,,,,,
9780983720201,Not Found,,,,,,,,
9781310697883,Not Found,,,,,,,,
9780544963429,Not Found,,,,,,,,
9780544302341,Not Found,,,,,,,,
9780759518162,Not Found,,,,,,,,
9780330523332,Not Found,,,,,,,,
9781405517843,Not Found,,,,,,,,
9780748109531,Not Found,,,,,,,,
9780141959153,Not Found,,,,,,,,
9780575097742,Not Found,,,,,,,,
9780748129270,Not Found,,,,,,,,
9781405930628,Not Found,,,,,,,,
9780964729292,Not Found,,,,,,,,
9780748109784,Not Found,,,,,,,,
9781306063791,Not Found,,,,,,,,
9780241410967,Not Found,,,,,,,,
9780812984835,Not Found,,,,,,,,
9780743218306,Not Found,,,,,,,,
9780141929125,Not Found,,,,,,,,
9780316531269,Not Found,,,,,,,,
9780141364025,Not Found,,,,,,,,
9780061909641,Not Found,,,,,,,,
9780141345642,Not Found,,,,,,,,
9780547807683,Not Found,,,,,,,,
9780141925165,Not Found,,,,,,,,
9780755387120,Not Found,,,,,,,,
9780307271914,Not Found,,,,,,,,
9780241339732,Not Found,,,,,,,,
9780141966731,Not Found,,,,,,,,
9781401923440,Not Found,,,,,,,,
9780748115365,Not Found,,,,,,,,
9780141971568,Not Found,,,,,,,,
9780241381250,Not Found,,,,,,,,
9781101032343,Not Found,,,,,,,,
9781409015369,Not Found,,,,,,,,
9780281064649,Not Found,,,,,,,,
9780141901251,Not Found,,,,,,,,
9780755364435,Not Found,,,,,,,,
9780297859680,Not Found,,,,,,,,
9780141967554,Not Found,,,,,,,,
9780307414281,Not Found,,,,,,,,
9780571246021,Not Found,,,,,,,,
9780141970172,Not Found,,,,,,,,
9781407031088,Not Found,,,,,,,,
9781306051705,Not Found,,,,,,,,
9780307414120,Not Found,,,,,,,,
9780748114368,Not Found,,,,,,,,
9780241979785,Not Found,,,,,,,,
9780807573983,Not Found,,,,,,,,
9781407044873,Not Found,,,,,,,,
9780330514651,Not Found,,,,,,,,
9781101609644,Not Found,,,,,,,,
9780765397522,Not Found,,,,,,,,
9780857870216,Not Found,,,,,,,,
9780718186838,Not Found,,,,,,,,
9780807563731,Not Found,,,,,,,,
9780857894823,Not Found,,,,,,,,
9780743246392,Not Found,,,,,,,,
9780761163985,Not Found,,,,,,,,
9780762448319,Not Found,,,,,,,,
9781405513487,Not Found,,,,,,,,
9781106927613,Not Found,,,,,,,,
9780956770028,Not Found,,,,,,,,
9781101965375,Not Found,,,,,,,,
9780241355237,Not Found,,,,,,,,
9780465028252,Not Found,,,,,,,,
9780241985557,Not Found,,,,,,,,
9781405927642,Not Found,,,,,,,,
9780857208958,Not Found,,,,,,,,
9780765376473,Not Found,,,,,,,,
9780141976105,Not Found,,,,,,,,
9780230714809,Not Found,,,,,,,,
9780307351937,Not Found,,,,,,,,
9780748115402,Not Found,,,,,,,,
9780748116577,Not Found,,,,,,,,
9780748108596,Not Found,,,,,,,,
9780141902142,Not Found,,,,,,,,
9780753552049,Not Found,,,,,,,,
9780385374675,Not Found,,,,,,,,
9780984358113,Not Found,,,,,,,,
9780007287154,Not Found,,,,,,,,
9781409021308,Not Found,,,,,,,,
9781282119154,Not Found,,,,,,,,
9780753548035,Not Found,,,,,,,,
9780785170624,Not Found,,,,,,,,
9780330466677,Not Found,,,,,,,,
9781405520607,Not Found,,,,,,,,
9780994054463,Not Found,,,,,,,,
9780575087873,Not Found,,,,,,,,
9780141347769,Not Found,,,,,,,,
9780241303566,Not Found,,,,,,,,
9780755350735,Not Found,,,,,,,,
9780547740133,Not Found,,,,,,,,
9780141976266,Not Found,,,,,,,,
9781405941082,Not Found,,,,,,,,
9780283071980,Not Found,,,,,,,,
9780230766112,Not Found,,,,,,,,
9781405932585,Not Found,,,,,,,,
9780755357215,Not Found,,,,,,,,
9780345510440,Not Found,,,,,,,,
9780141907048,Not Found,,,,,,,,
9780141978512,Not Found,,,,,,,,
9780241981849,Not Found,,,,,,,,
9780241968598,Not Found,,,,,,,,
9780316444996,Not Found,,,,,,,,
9781407048017,Not Found,,,,,,,,
9780544373181,Not Found,,,,,,,,
9781509821686,Not Found,,,,,,,,
9781405530743,Not Found,,,,,,,,
9780307487308,Not Found,,,,,,,,
9781250229847,Not Found,,,,,,,,
9780141966694,Not Found,,,,,,,,
9781250313171,Not Found,,,,,,,,
9780743491600,Not Found,,,,,,,,
9780230714632,Not Found,,,,,,,,
9780297861027,Not Found,,,,,,,,
9780241984543,Not Found,,,,,,,,
9780307755926,Not Found,,,,,,,,
9780141904252,Not Found,,,,,,,,
9780307414090,Not Found,,,,,,,,
9780748113330,Not Found,,,,,,,,
9781306300933,Not Found,,,,,,,,
9781119387565,Not Found,,,,,,,,
9780141909455,Not Found,,,,,,,,
9780575085909,Not Found,,,,,,,,
9780141347660,Not Found,,,,,,,,
9780748117222,Not Found,,,,,,,,
9780999676196,Not Found,,,,,,,,
9780748116607,Not Found,,,,,,,,
9781405922296,Not Found,,,,,,,,
9781407019666,Not Found,,,,,,,,
9780307379962,Not Found,,,,,,,,
9780141339214,Not Found,,,,,,,,
9780141903491,Not Found,,,,,,,,
9780544188365,Not Found,,,,,,,,
9781407034478,Not Found,,,,,,,,
9780761184270,Not Found,,,,,,,,
9780061755668,Not Found,,,,,,,,
9780241981238,Not Found,,,,,,,,
9780316486675,Not Found,,,,,,,,
9780998601731,Not Found,,,,,,,,
9780393652253,Not Found,,,,,,,,
9780593074640,Not Found,,,,,,,,
9780141375663,Not Found,,,,,,,,
9780755353385,Not Found,,,,,,,,
9781407052472,Not Found,,,,,,,,
9780191579486,Not Found,,,,,,,,
9781405916462,Not Found,,,,,,,,
9780141919133,Not Found,,,,,,,,
9780141931845,Not Found,,,,,,,,
9780316403566,Not Found,,,,,,,,
9780141956916,Not Found,,,,,,,,
9780141347851,Not Found,,,,,,,,
9781405939508,Not Found,,,,,,,,
9780241330258,Not Found,,,,,,,,
9781101137192,Not Found,,,,,,,,
9780600630401,Not Found,,,,,,,,
9780141344348,Not Found,,,,,,,,
9780755350896,Not Found,,,,,,,,
9780307432865,Not Found,,,,,,,,
9780857201171,Not Found,,,,,,,,
9780997427738,Not Found,,,,,,,,
9781401940591,Not Found,,,,,,,,
9780241334690,Not Found,,,,,,,,
9781401388881,Not Found,,,,,,,,
9780755118380,Not Found,,,,,,,,
9780755350872,Not Found,,,,,,,,
9780307390530,Not Found,,,,,,,,
9781448106899,Not Found,,,,,,,,
9780141981796,Not Found,,,,,,,,
9781787019768,Not Found,,,,,,,,
9780141903019,Not Found,,,,,,,,
9781407052564,Not Found,,,,,,,,
9780547504810,Not Found,,,,,,,,
9781401953522,Not Found,,,,,,,,
9780768499544,Not Found,,,,,,,,
9780141962511,Not Found,,,,,,,,
9781405523707,Not Found,,,,,,,,
9780330465601,Not Found,,,,,,,,
9780141928005,Not Found,,,,,,,,
9781101157459,Not Found,,,,,,,,
9780600623007,Not Found,,,,,,,,
9780141946610,Not Found,,,,,,,,
9780141339429,Not Found,,,,,,,,
9780297859406,Not Found,,,,,,,,
9781283297073,Not Found,,,,,,,,
9780575091504,Not Found,,,,,,,,
9781405913652,Not Found,,,,,,,,
9780755351855,Not Found,,,,,,,,
9781370201914,Not Found,,,,,,,,
9780718196080,Not Found,,,,,,,,
9780307272119,Not Found,,,,,,,,
9780375980985,Not Found,,,,,,,,
9780241322345,Not Found,,,,,,,,
9780141924045,Not Found,,,,,,,,
9781101476772,Not Found,,,,,,,,
9780998815596,Not Found,,,,,,,,
9780743423083,Not Found,,,,,,,,
9780761176855,Not Found,,,,,,,,
9780748130191,Not Found,,,,,,,,
9780141983035,Not Found,,,,,,,,
9780330528405,Not Found,,,,,,,,
9780141938363,Not Found,,,,,,,,
9780571247905,Not Found,,,,,,,,
9780241966846,Not Found,,,,,,,,
9780648257714,Not Found,,,,,,,,
9780071817196,Not Found,,,,,,,,
9781101203347,Not Found,,,,,,,,
9780463893999,Not Found,,,,,,,,
9781102466550,Not Found,,,,,,,,
9780141928920,Not Found,,,,,,,,
9780748109326,Not Found,,,,,,,,
9780761171737,Not Found,,,,,,,,
9780141904986,Not Found,,,,,,,,
9780241373361,Not Found,,,,,,,,
9781405930987,Not Found,,,,,,,,
9780748115440,Not Found,,,,,,,,
9780241321997,Not Found,,,,,,,,
9780316260237,Not Found,,,,,,,,
9781405935050,Not Found,,,,,,,,
9780330469326,Not Found,,,,,,,,
9781311614704,Not Found,,,,,,,,
9780857200136,Not Found,,,,,,,,
9780755375646,Not Found,,,,,,,,
9780156035002,Not Found,,,,,,,,
9781405939775,Not Found,,,,,,,,
9780241187173,Not Found,,,,,,,,
9780241968024,Not Found,,,,,,,,
9781407058115,Not Found,,,,,,,,
9780748112517,Not Found,,,,,,,,
9780141918921,Not Found,,,,,,,,
9780141398174,Not Found,,,,,,,,
9780440338789,Not Found,,,,,,,,
9780356511115,Not Found,,,,,,,,
9781401919269,Not Found,,,,,,,,
9780141915036,Not Found,,,,,,,,
9780141929453,Not Found,,,,,,,,
9781370124954,Not Found,,,,,,,,
9780751558678,Not Found,,,,,,,,
9780486114347,Not Found,,,,,,,,
9781405941624,Not Found,,,,,,,,
9780230739062,Not Found,,,,,,,,
9781250121301,Not Found,,,,,,,,
9780807000410,Not Found,,,,,,,,
9781119475873,Not Found,,,,,,,,
9780470893333,Not Found,,,,,,,,
9780241205648,Not Found,,,,,,,,
9780307459923,Not Found,,,,,,,,
9780007321575,Not Found,,,,,,,,
9780141986296,Not Found,,,,,,,,
9781101905104,Not Found,,,,,,,,
9780571248209,Not Found,,,,,,,,
9780761179580,Not Found,,,,,,,,
9780486113739,Not Found,,,,,,,,
9781405913171,Not Found,,,,,,,,
9780008139476,Not Found,,,,,,,,
9780748123797,Not Found,,,,,,,,
9781370148721,Not Found,,,,,,,,
9781101220733,Not Found,,,,,,,,
9780993683718,Not Found,,,,,,,,
9780141975009,Not Found,,,,,,,,
9780718198275,Not Found,,,,,,,,
9781407035437,Not Found,,,,,,,,
9780141971742,Not Found,,,,,,,,
9781281372062,Not Found,,,,,,,,
9781310718595,Not Found,,,,,,,,
9780062043689,Not Found,,,,,,,,
9780141970745,Not Found,,,,,,,,
9780141938653,Not Found,,,,,,,,
9780735638723,Not Found,,,,,,,,
9780571280605,Not Found,,,,,,,,
9780307483584,Not Found,,,,,,,,
9780748111886,Not Found,,,,,,,,
9780241303900,Not Found,,,,,,,,
9780008131968,Not Found,,,,,,,,
9780141373041,Not Found,,,,,,,,
9780575097438,Not Found,,,,,,,,
9780748120024,Not Found,,,,,,,,
9781407016597,Not Found,,,,,,,,
9780141354231,Not Found,,,,,,,,
9780330465823,Not Found,,,,,,,,
9781101902912,Not Found,,,,,,,,
9780698159815,Not Found,,,,,,,,
9780241985120,Not Found,,,,,,,,
9781405932264,Not Found,,,,,,,,
9780767917902,Not Found,,,,,,,,
9780761189633,Not Found,,,,,,,,
9780307271341,Not Found,,,,,,,,
9780241983218,Not Found,,,,,,,,
9780755387168,Not Found,,,,,,,,
9780356504209,Not Found,,,,,,,,
9780575097933,Not Found,,,,,,,,
9780748116102,Not Found,,,,,,,,
9781405527231,Not Found,,,,,,,,
9780141924991,Not Found,,,,,,,,
9780297608905,Not Found,,,,,,,,
9780544812154,Not Found,,,,,,,,
9781302369941,Not Found,,,,,,,,
9780810983915,Not Found,,,,,,,,
9780141924595,Not Found,,,,,,,,
9780749009403,Not Found,,,,,,,,
9780755388363,Not Found,,,,,,,,
9780230764866,Not Found,,,,,,,,
9780330514729,Not Found,,,,,,,,
9780786954063,Not Found,,,,,,,,
9780241957103,Not Found,,,,,,,,
9781306981866,Not Found,,,,,,,,
9780141915128,Not Found,,,,,,,,
9781301529049,Not Found,,,,,,,,
9780486113845,Not Found,,,,,,,,
9780755350865,Not Found,,,,,,,,
9781119551416,Not Found,,,,,,,,
9780141962535,Not Found,,,,,,,,
9780793842902,Not Found,,,,,,,,
9780547608044,Not Found,,,,,,,,
9780141363981,Not Found,,,,,,,,
9780241958902,Not Found,,,,,,,,
9780755377619,Not Found,,,,,,,,
9780748111732,Not Found,,,,,,,,
9780718197902,Not Found,,,,,,,,
9781405525404,Not Found,,,,,,,,
9780141959443,Not Found,,,,,,,,
9781405932547,Not Found,,,,,,,,
9781643750163,Not Found,,,,,,,,
9780307279729,Not Found,,,,,,,,
9781405913867,Not Found,,,,,,,,
9780999048139,Not Found,,,,,,,,
9780241969014,Not Found,,,,,,,,
9780748120505,Not Found,,,,,,,,
9781405934893,Not Found,,,,,,,,
9781407139982,Not Found,,,,,,,,
9780749012106,Not Found,,,,,,,,
9781101990018,Not Found,,,,,,,,
9780141391601,Not Found,,,,,,,,
9780748109487,Not Found,,,,,,,,
9780330426640,Not Found,,,,,,,,
9780330468381,Not Found,,,,,,,,
9780748117338,Not Found,,,,,,,,
9780755128006,Not Found,,,,,,,,
9780718196806,Not Found,,,,,,,,
9780749020057,Not Found,,,,,,,,
9780865478404,Not Found,,,,,,,,
9780241965085,Not Found,,,,,,,,
9780141959184,Not Found,,,,,,,,
9780857897169,Not Found,,,,,,,,
9780316233033,Not Found,,,,,,,,
9780718189877,Not Found,,,,,,,,
9780755350674,Not Found,,,,,,,,
9780330514583,Not Found,,,,,,,,
9780748131006,Not Found,,,,,,,,
9780007510887,Not Found,,,,,,,,
9780244643843,Not Found,,,,,,,,
9781405941020,Not Found,,,,,,,,
9780307407672,Not Found,,,,,,,,
9780748116065,Not Found,,,,,,,,
9780748116669,Not Found,,,,,,,,
9780141912868,Not Found,,,,,,,,
9780283072406,Not Found,,,,,,,,
9781370737451,Not Found,,,,,,,,
9780755379316,Not Found,,,,,,,,
9780141931388,Not Found,,,,,,,,
9781405919135,Not Found,,,,,,,,
9780141905914,Not Found,,,,,,,,
9781338188356,Not Found,,,,,,,,
9781405522304,Not Found,,,,,,,,
9780316182683,Not Found,,,,,,,,
9780008179991,Not Found,,,,,,,,
9780748116096,Not Found,,,,,,,,
9780241971857,Not Found,,,,,,,,
9780066213262,Not Found,,,,,,,,
9780978927080,Not Found,,,,,,,,
9780241950609,Not Found,,,,,,,,
9780761193029,Not Found,,,,,,,,
9780141971391,Not Found,,,,,,,,
9780755387182,Not Found,,,,,,,,
9780241965306,Not Found,,,,,,,,
9780241956007,Not Found,,,,,,,,
9781408883433,Not Found,,,,,,,,
9780141907055,Not Found,,,,,,,,
9780547677538,Not Found,,,,,,,,
9780307595515,Not Found,,,,,,,,
9780241965177,Not Found,,,,,,,,
9780748114399,Not Found,,,,,,,,
9781405940948,Not Found,,,,,,,,
9780786954070,Not Found,,,,,,,,
9780141978154,Not Found,,,,,,,,
9780141352015,Not Found,,,,,,,,
9780297864097,Not Found,,,,,,,,
9780571350414,Not Found,,,,,,,,
9781407017730,Not Found,,,,,,,,
9781326978471,Not Found,,,,,,,,
9780307275103,Not Found,,,,,,,,
9781405525480,Not Found,,,,,,,,
9780575097636,Not Found,,,,,,,,
9780768422870,Not Found,,,,,,,,
9780307450227,Not Found,,,,,,,,
9781306022118,Not Found,,,,,,,,
9780330467575,Not Found,,,,,,,,
9781119477266,Not Found,,,,,,,,
9780748112579,Not Found,,,,,,,,
9780375981364,Not Found,,,,,,,,
9781328686008,Not Found,,,,,,,,
9780241970409,Not Found,,,,,,,,
9780575095908,Not Found,,,,,,,,
9780141363943,Not Found,,,,,,,,
9781401924829,Not Found,,,,,,,,
9780857201829,Not Found,,,,,,,,
9781448103683,Not Found,,,,,,,,
9780751505047,Not Found,,,,,,,,
9780141910673,Not Found,,,,,,,,
9780997532265,Not Found,,,,,,,,
9780141346106,Not Found,,,,,,,,
9780749015763,Not Found,,,,,,,,
9780141907529,Not Found,,,,,,,,
9781282466081,Not Found,,,,,,,,
9780718197810,Not Found,,,,,,,,
9780785170402,Not Found,,,,,,,,
9781405909747,Not Found,,,,,,,,
9781101171127,Not Found,,,,,,,,
9781405523646,Not Found,,,,,,,,
9780752483115,Not Found,,,,,,,,
9780230760967,Not Found,,,,,,,,
9780007298976,Not Found,,,,,,,,
9780748112630,Not Found,,,,,,,,
9780356504186,Not Found,,,,,,,,
9780575097674,Not Found,,,,,,,,
9781405925327,Not Found,,,,,,,,
9780748110827,Not Found,,,,,,,,
9781405514972,Not Found,,,,,,,,
9780988852310,Not Found,,,,,,,,
9781405511988,Not Found,,,,,,,,
9781370393756,Not Found,,,,,,,,
9780241978719,Not Found,,,,,,,,
9780241982419,Not Found,,,,,,,,
9780241337790,Not Found,,,,,,,,
9780718197186,Not Found,,,,,,,,
9780755382644,Not Found,,,,,,,,
9780241983522,Not Found,,,,,,,,
9780547348063,Not Found,,,,,,,,
9780141910116,Not Found,,,,,,,,
9781407070261,Not Found,,,,,,,,
9780241283226,Not Found,,,,,,,,
9780748109432,Not Found,,,,,,,,
9780241251003,Not Found,,,,,,,,
9780330467896,Not Found,,,,,,,,
9780751562835,Not Found,,,,,,,,
9780307796202,Not Found,,,,,,,,
9780141938370,Not Found,,,,,,,,
9780670921621,Not Found,,,,,,,,
9781322006925,Not Found,,,,,,,,
9780141980270,Not Found,,,,,,,,
9780571246045,Not Found,,,,,,,,
9780241974995,Not Found,,,,,,,,
9780141951409,Not Found,,,,,,,,
9781311502452,Not Found,,,,,,,,
9780141886374,Not Found,,,,,,,,
9781283589239,Not Found,,,,,,,,
9780718196332,Not Found,,,,,,,,
9781328546395,Not Found,,,,,,,,
9780349006895,Not Found,,,,,,,,
9780141923482,Not Found,,,,,,,,
9780141979519,Not Found,,,,,,,,
9780761148357,Not Found,,,,,,,,
9780748113507,Not Found,,,,,,,,
9780141923086,Not Found,,,,,,,,
9780141906072,Not Found,,,,,,,,
9780575119574,Not Found,,,,,,,,
9780141902258,Not Found,,,,,,,,
9780141927374,Not Found,,,,,,,,
9781405515979,Not Found,,,,,,,,
9781409005216,Not Found,,,,,,,,
9780761187141,Not Found,,,,,,,,
9781101200407,Not Found,,,,,,,,
9780141929873,Not Found,,,,,,,,
9780748113354,Not Found,,,,,,,,
9780307414298,Not Found,,,,,,,,
9780330520102,Not Found,,,,,,,,
9781306020985,Not Found,,,,,,,,
9780141914176,Not Found,,,,,,,,
9780755379927,Not Found,,,,,,,,
9780141910680,Not Found,,,,,,,,
9781119209614,Not Found,,,,,,,,
9780285640450,Not Found,,,,,,,,
9780575132498,Not Found,,,,,,,,
9780802194442,Not Found,,,,,,,,
9780241349038,Not Found,,,,,,,,
9780755350711,Not Found,,,,,,,,
9780141040035,Not Found,,,,,,,,
9780463655368,Not Found,,,,,,,,
9780767922968,Not Found,,,,,,,,
9781409005018,Not Found,,,,,,,,
9781101533512,Not Found,,,,,,,,
9781310518997,Not Found,,,,,,,,
9780241388457,Not Found,,,,,,,,
9781281282309,Not Found,,,,,,,,
9780718198114,Not Found,,,,,,,,
9780241198155,Not Found,,,,,,,,
9780748116973,Not Found,,,,,,,,
9780141373836,Not Found,,,,,,,,
9780141959801,Not Found,,,,,,,,
9780141913872,Not Found,,,,,,,,
9780802189806,Not Found,,,,,,,,
9781405513463,Not Found,,,,,,,,
9780297609322,Not Found,,,,,,,,
9780547488981,Not Found,,,,,,,,
9780748110025,Not Found,,,,,,,,
9780230760516,Not Found,,,,,,,,
9780748116584,Not Found,,,,,,,,
9780755352456,Not Found,,,,,,,,
9780241307168,Not Found,,,,,,,,
9781311220516,Not Found,,,,,,,,
9780761171256,Not Found,,,,,,,,
9780994135551,Not Found,,,,,,,,
9780141375649,Not Found,,,,,,,,
9781118656402,Not Found,,,,,,,,
9780463273975,Not Found,,,,,,,,
9780141971094,Not Found,,,,,,,,
9780141985145,Not Found,,,,,,,,
9781407047201,Not Found,,,,,,,,
9780698190665,Not Found,,,,,,,,
9781405909754,Not Found,,,,,,,,
9781401940003,Not Found,,,,,,,,
9780349139876,Not Found,,,,,,,,
9780312087791,Not Found,,,,,,,,
9780241957141,Not Found,,,,,,,,
9780141961392,Not Found,,,,,,,,
9780241984925,Not Found,,,,,,,,
9780330514699,Not Found,,,,,,,,
9780473330347,Not Found,,,,,,,,
9780071772204,Not Found,,,,,,,,
9781101621615,Not Found,,,,,,,,
9780330469401,Not Found,,,,,,,,
9780993413018,Not Found,,,,,,,,
9780230767270,Not Found,,,,,,,,
9780141928739,Not Found,,,,,,,,
9780307388131,Not Found,,,,,,,,
9780748120789,Not Found,,,,,,,,
9780753553114,Not Found,,,,,,,,
9780141972510,Not Found,,,,,,,,
9780755128037,Not Found,,,,,,,,
9780241983386,Not Found,,,,,,,,
9780648324690,Not Found,,,,,,,,
9780316561389,Not Found,,,,,,,,
9780141941998,Not Found,,,,,,,,
9780307382092,Not Found,,,,,,,,
9780993324789,Not Found,,,,,,,,
9781405909846,Not Found,,,,,,,,
9780307483775,Not Found,,,,,,,,
9781137450630,Not Found,,,,,,,,
9781405917100,Not Found,,,,,,,,
9780141040950,Not Found,,,,,,,,
9781370687138,Not Found,,,,,,,,
9780141927411,Not Found,,,,,,,,
9781409007012,Not Found,,,,,,,,
9781405909877,Not Found,,,,,,,,
9780141902715,Not Found,,,,,,,,
9780750957595,Not Found,,,,,,,,
9780297857945,Not Found,,,,,,,,
9780141912561,Not Found,,,,,,,,
9781405937115,Not Found,,,,,,,,
9781405934664,Not Found,,,,,,,,
9780761178682,Not Found,,,,,,,,
9781407016054,Not Found,,,,,,,,
9780230761353,Not Found,,,,,,,,
9780571332823,Not Found,,,,,,,,
9781405918909,Not Found,,,,,,,,
9780141970615,Not Found,,,,,,,,
9780761164029,Not Found,,,,,,,,
9780307463654,Not Found,,,,,,,,
9780141347707,Not Found,,,,,,,,
9780547504186,Not Found,,,,,,,,
9780748122967,Not Found,,,,,,,,
9780755374014,Not Found,,,,,,,,
9780486111612,Not Found,,,,,,,,
9780857207609,Not Found,,,,,,,,
9780241003114,Not Found,,,,,,,,
9780575088160,Not Found,,,,,,,,
9780330477444,Not Found,,,,,,,,
9780141980867,Not Found,,,,,,,,
9780141969985,Not Found,,,,,,,,
9781101903094,Not Found,,,,,,,,
9780297863854,Not Found,,,,,,,,
9780241309117,Not Found,,,,,,,,
9780345513113,Not Found,,,,,,,,
9780330466295,Not Found,,,,,,,,
9781306064279,Not Found,,,,,,,,
9780241959602,Not Found,,,,,,,,
9780330514552,Not Found,,,,,,,,
9780748109999,Not Found,,,,,,,,
9781405937146,Not Found,,,,,,,,
9780751565713,Not Found,,,,,,,,
9780748112524,Not Found,,,,,,,,
9780755372263,Not Found,,,,,,,,
9781405930833,Not Found,,,,,,,,
9781405910286,Not Found,,,,,,,,
9780753545386,Not Found,,,,,,,,
9780141912752,Not Found,,,,,,,,
9780307559517,Not Found,,,,,,,,
9780307962287,Not Found,,,,,,,,
9780748109449,Not Found,,,,,,,,
9780330508346,Not Found,,,,,,,,
9780670923533,Not Found,,,,,,,,
9780141394145,Not Found,,,,,,,,
9780141964010,Not Found,,,,,,,,
9780446551076,Not Found,,,,,,,,
9781408851746,Not Found,,,,,,,,
9780755147571,Not Found,,,,,,,,
9780748117093,Not Found,,,,,,,,
9780718197445,Not Found,,,,,,,,
9780241189467,Not Found,,,,,,,,
9780463676769,Not Found,,,,,,,,
9780755371402,Not Found,,,,,,,,
9780748108527,Not Found,,,,,,,,
9780571338658,Not Found,,,,,,,,
9781405515092,Not Found,,,,,,,,
9780748115341,Not Found,,,,,,,,
9780307958839,Not Found,,,,,,,,
9781407035086,Not Found,,,,,,,,
9781101575918,Not Found,,,,,,,,
9780241960196,Not Found,,,,,,,,
9780743483292,Not Found,,,,,,,,
9780544866676,Not Found,,,,,,,,
9780316724210,Not Found,,,,,,,,
9781473526938,Not Found,,,,,,,,
9780748125821,Not Found,,,,,,,,
9781370752324,Not Found,,,,,,,,
9781405910248,Not Found,,,,,,,,
9780755350698,Not Found,,,,,,,,
9780755350704,Not Found,,,,,,,,
9781299598195,Not Found,,,,,,,,
9780753551370,Not Found,,,,,,,,
9780241145531,Not Found,,,,,,,,
9781250207814,Not Found,,,,,,,,
9781407034379,Not Found,,,,,,,,
9780141930237,Not Found,,,,,,,,
9780141911748,Not Found,,,,,,,,
9781370928460,Not Found,,,,,,,,
9781405937733,Not Found,,,,,,,,
9780748110063,Not Found,,,,,,,,
9780141347820,Not Found,,,,,,,,
9780141965932,Not Found,,,,,,,,
9780718193348,Not Found,,,,,,,,
9780230758100,Not Found,,,,,,,,
9780976420088,Not Found,,,,,,,,
9780141913889,Not Found,,,,,,,,
9781407059488,Not Found,,,,,,,,
9781405525978,Not Found,,,,,,,,
9780241351581,Not Found,,,,,,,,
9780571331970,Not Found,,,,,,,,
9780307962546,Not Found,,,,,,,,
9780241257975,Not Found,,,,,,,,
9780755375561,Not Found,,,,,,,,
9780141916033,Not Found,,,,,,,,
9780748115389,Not Found,,,,,,,,
9780141929842,Not Found,,,,,,,,
9781407087832,Not Found,,,,,,,,
9780544052000,Not Found,,,,,,,,
9781310461231,Not Found,,,,,,,,
9780679604075,Not Found,,,,,,,,
9780470666111,Not Found,,,,,,,,
9780755387076,Not Found,,,,,,,,
9780748124916,Not Found,,,,,,,,
9780141979106,Not Found,,,,,,,,
9780463456910,Not Found,,,,,,,,
9780857896346,Not Found,,,,,,,,
9781407034393,Not Found,,,,,,,,
9780547905860,Not Found,,,,,,,,
9780141919263,Not Found,,,,,,,,
9780698185364,Not Found,,,,,,,,
9780547543154,Not Found,,,,,,,,
9780007369409,Not Found,,,,,,,,
9780544029569,Not Found,,,,,,,,
9780241959510,Not Found,,,,,,,,
9780702069918,Not Found,,,,,,,,
9780345454300,Not Found,,,,,,,,
9780988443112,Not Found,,,,,,,,
9780241243626,Not Found,,,,,,,,
9780241317952,Not Found,,,,,,,,
9780748109593,Not Found,,,,,,,,
9780141932071,Not Found,,,,,,,,
9780393066395,Not Found,,,,,,,,
9780748126743,Not Found,,,,,,,,
9781407034508,Not Found,,,,,,,,
9780575086227,Not Found,,,,,,,,
9780062368232,Not Found,,,,,,,,
9780141355177,Not Found,,,,,,,,
9780230738126,Not Found,,,,,,,,
9780141916224,Not Found,,,,,,,,
9780755396528,Not Found,,,,,,,,
9781401306113,Not Found,,,,,,,,
9780547761404,Not Found,,,,,,,,
9780393634563,Not Found,,,,,,,,
9780755389940,Not Found,,,,,,,,
9780463567456,Not Found,,,,,,,,
9780241966167,Not Found,,,,,,,,
9780748117215,Not Found,,,,,,,,
9780141986203,Not Found,,,,,,,,
9781405517829,Not Found,,,,,,,,
9780241248805,Not Found,,,,,,,,
9780241413210,Not Found,,,,,,,,
9780307788641,Not Found,,,,,,,,
9780061213731,Not Found,,,,,,,,
9780307537928,Not Found,,,,,,,,
9781405521284,Not Found,,,,,,,,
9780241981344,Not Found,,,,,,,,
9780230765061,Not Found,,,,,,,,
9780785171393,Not Found,,,,,,,,
9780060739805,Not Found,,,,,,,,
9781401928926,Not Found,,,,,,,,
9780768487817,Not Found,,,,,,,,
9781405528528,Not Found,,,,,,,,
9780062242273,Not Found,,,,,,,,
9780141927237,Not Found,,,,,,,,
9781405926416,Not Found,,,,,,,,
9781407013350,Not Found,,,,,,,,
9780748114696,Not Found,,,,,,,,
9780571342624,Not Found,,,,,,,,
9780297864073,Not Found,,,,,,,,
9781101984826,Not Found,,,,,,,,
9780330513081,Not Found,,,,,,,,
9780547526843,Not Found,,,,,,,,
9780141975962,Not Found,,,,,,,,
9780241345719,Not Found,,,,,,,,
9780670922888,Not Found,,,,,,,,
9780141919140,Not Found,,,,,,,,
9781291841527,Not Found,,,,,,,,
9780141964041,Not Found,,,,,,,,
9781311206527,Not Found,,,,,,,,
9780241965214,Not Found,,,,,,,,
9780241963333,Not Found,,,,,,,,
9780755350766,Not Found,,,,,,,,
9780141911137,Not Found,,,,,,,,
9780330525442,Not Found,,,,,,,,
9780575097759,Not Found,,,,,,,,
9780755372225,Not Found,,,,,,,,
9780755358939,Not Found,,,,,,,,
9780748115563,Not Found,,,,,,,,
9780199754878,Not Found,,,,,,,,
9780544866966,Not Found,,,,,,,,
9780761158288,Not Found,,,,,,,,
9780141927558,Not Found,,,,,,,,
9780241986899,Not Found,,,,,,,,
9780141903163,Not Found,,,,,,,,
9781101559901,Not Found,,,,,,,,
9780316408769,Not Found,,,,,,,,
9780285641266,Not Found,,,,,,,,
9780748115372,Not Found,,,,,,,,
9780141960401,Not Found,,,,,,,,
9780241966150,Not Found,,,,,,,,
9781405925648,Not Found,,,,,,,,
9780141925288,Not Found,,,,,,,,
9780199705566,Not Found,,,,,,,,
9780748130771,Not Found,,,,,,,,
9780141937458,Not Found,,,,,,,,
9780316341707,Not Found,,,,,,,,
9781407037783,Not Found,,,,,,,,
9780330472944,Not Found,,,,,,,,
9780765388889,Not Found,,,,,,,,
9781101475782,Not Found,,,,,,,,
9780060583262,Not Found,,,,,,,,
9780755350834,Not Found,,,,,,,,
9781281371928,Not Found,,,,,,,,
9780241238844,Not Found,,,,,,,,
9780241968574,Not Found,,,,,,,,
9780241322369,Not Found,,,,,,,,
9780230771475,Not Found,,,,,,,,
9780547529875,Not Found,,,,,,,,
9781101082218,Not Found,,,,,,,,
9780857204301,Not Found,,,,,,,,
9780061974267,Not Found,,,,,,,,
9781306064026,Not Found,,,,,,,,
9780141969053,Not Found,,,,,,,,
9780141959368,Not Found,,,,,,,,
9780748109388,Not Found,,,,,,,,
9780241359181,Not Found,,,,,,,,
9780241956915,Not Found,,,,,,,,
9781405527590,Not Found,,,,,,,,
9781101079089,Not Found,,,,,,,,
9780755355983,Not Found,,,,,,,,
9780753550281,Not Found,,,,,,,,
9781306017466,Not Found,,,,,,,,
9780241957936,Not Found,,,,,,,,
9780755350759,Not Found,,,,,,,,
9781409010661,Not Found,,,,,,,,
9780698178519,Not Found,,,,,,,,
9780786954056,Not Found,,,,,,,,
9780575090989,Not Found,,,,,,,,
9780007289264,Not Found,,,,,,,,
9781101136249,Not Found,,,,,,,,
9780393248821,Not Found,,,,,,,,
9781299091436,Not Found,,,,,,,,
9781408818909,Not Found,,,,,,,,
9780241385838,Not Found,,,,,,,,
9780358168508,Not Found,,,,,,,,
9780571277032,Not Found,,,,,,,,
9781405932493,Not Found,,,,,,,,
9781405922265,Not Found,,,,,,,,
9781400078998,Not Found,,,,,,,,
9780061759734,Not Found,,,,,,,,
9780141960951,Not Found,,,,,,,,
9780755387083,Not Found,,,,,,,,
9780748112616,Not Found,,,,,,,,
9780141909813,Not Found,,,,,,,,
9780141900957,Not Found,,,,,,,,
9780755387281,Not Found,,,,,,,,
9780765384461,Not Found,,,,,,,,
9780544464032,Not Found,,,,,,,,
9781310011504,Not Found,,,,,,,,
9780755350469,Not Found,,,,,,,,
9780547346656,Not Found,,,,,,,,
9780241965290,Not Found,,,,,,,,
9780995774421,Not Found,,,,,,,,
9780307796462,Not Found,,,,,,,,
9780141968728,Not Found,,,,,,,,
9781370446810,Not Found,,,,,,,,
9780679645443,Not Found,,,,,,,,
9781101171226,Not Found,,,,,,,,
9780141932408,Not Found,,,,,,,,
9780571334667,Not Found,,,,,,,,
9780755385775,Not Found,,,,,,,,
9780230763197,Not Found,,,,,,,,
9780241968673,Not Found,,,,,,,,
9781311858375,Not Found,,,,,,,,
9780241348413,Not Found,,,,,,,,
9780307784346,Not Found,,,,,,,,
9780241401453,Not Found,,,,,,,,
9780525575290,Not Found,,,,,,,,
9780983866541,Not Found,,,,,,,,
9781118808085,Not Found,,,,,,,,
9780752471372,Not Found,,,,,,,,
9780141942414,Not Found,,,,,,,,
9780241970324,Not Found,,,,,,,,
9781407013152,Not Found,,,,,,,,
9780141929859,Not Found,,,,,,,,
9780571340309,Not Found,,,,,,,,
9780748130467,Not Found,,,,,,,,
9780743493529,Not Found,,,,,,,,
9781407005355,Not Found,,,,,,,,
9780141917672,Not Found,,,,,,,,
9780571328505,Not Found,,,,,,,,
9781407070254,Not Found,,,,,,,,
9780995774452,Not Found,,,,,,,,
9781407098012,Not Found,,,,,,,,
9781405518499,Not Found,,,,,,,,
9781119144762,Not Found,,,,,,,,
9781328561763,Not Found,,,,,,,,
9780141967479,Not Found,,,,,,,,
9780807012444,Not Found,,,,,,,,
9781105876677,Not Found,,,,,,,,
9780297868125,Not Found,,,,,,,,
9780230771253,Not Found,,,,,,,,
9781407033839,Not Found,,,,,,,,
9780748129331,Not Found,,,,,,,,
9781405919203,Not Found,,,,,,,,
9781118023709,Not Found,,,,,,,,
9781416545484,Not Found,,,,,,,,
9780749040567,Not Found,,,,,,,,
9780795337192,Not Found,,,,,,,,
9780755350728,Not Found,,,,,,,,
9781322030517,Not Found,,,,,,,,
9780997389999,Not Found,,,,,,,,
9780241187821,Not Found,,,,,,,,
9780812994896,Not Found,,,,,,,,
9780857200259,Not Found,,,,,,,,
9780716023302,Not Found,,,,,,,,
9780765391360,Not Found,,,,,,,,
9780297867340,Not Found,,,,,,,,
9780755377824,Not Found,,,,,,,,
9781407034843,Not Found,,,,,,,,
9780755383832,Not Found,,,,,,,,
9781101533079,Not Found,,,,,,,,
9780786954377,Not Found,,,,,,,,
9780156035422,Not Found,,,,,,,,
9780785170150,Not Found,,,,,,,,
9780571348404,Not Found,,,,,,,,
9780753529065,Not Found,,,,,,,,
9780203414514,Not Found,,,,,,,,
9780755120130,Not Found,,,,,,,,
9780718183226,Not Found,,,,,,,,
9780230739093,Not Found,,,,,,,,
9780751565058,Not Found,,,,,,,,
9780812986242,Not Found,,,,,,,,
9780241962121,Not Found,,,,,,,,
9780544114517,Not Found,,,,,,,,
9780307386588,Not Found,,,,,,,,
9780857076755,Not Found,,,,,,,,
9780141952055,Not Found,,,,,,,,
9780755350742,Not Found,,,,,,,,
9781311018953,Not Found,,,,,,,,
9780241970225,Not Found,,,,,,,,
9780141971803,Not Found,,,,,,,,
9781405909068,Not Found,,,,,,,,
9780330508247,Not Found,,,,,,,,
9780061980244,Not Found,,,,,,,,
9781328710376,Not Found,,,,,,,,
9780761176916,Not Found,,,,,,,,
9780007320042,Not Found,,,,,,,,
9781306023139,Not Found,,,,,,,,
9780241304396,Not Found,,,,,,,,
9780755372775,Not Found,,,,,,,,
9780307792419,Not Found,,,,,,,,
9780759520844,Not Found,,,,,,,,
9780804179041,Not Found,,,,,,,,
9780804141116,Not Found,,,,,,,,
9780141919959,Not Found,,,,,,,,
9780307796103,Not Found,,,,,,,,
9780553904567,Not Found,,,,,,,,
9781302013677,Not Found,,,,,,,,
9780385539265,Not Found,,,,,,,,
9780553897050,Not Found,,,,,,,,
9780553897050,Not Found,,,,,,,,
9780385528849,Not Found,,,,,,,,
9780547370224,Not Found,,,,,,,,
9781401395421,Not Found,,,,,,,,
9781306265362,Not Found,,,,,,,,
9780307271914,Not Found,,,,,,,,
9780307271464,Not Found,,,,,,,,
9780743246392,Not Found,,,,,,,,
9780307351937,Not Found,,,,,,,,
9780061947438,Not Found,,,,,,,,
9781401235413,Not Found,,,,,,,,
9780857081025,Not Found,,,,,,,,
9781101902912,Not Found,,,,,,,,
9780307267450,Not Found,,,,,,,,
9780375980985,Not Found,,,,,,,,
9780307272300,Not Found,,,,,,,,
9780316389716,Not Found,,,,,,,,
9781105795985,Not Found,,,,,,,,
9780307279729,Not Found,,,,,,,,
9780141919959,Not Found,,,,,,,,
9780307952219,Not Found,,,,,,,,
9780871409508,Not Found,,,,,,,,
9780307538376,Not Found,,,,,,,,
9780553897050,Not Found,,,,,,,,
9780307762528,Not Found,,,,,,,,
